Id;Name;Country;JapName;Adaptability;Photo;Photo_file;EditName;EditCountry;EditPhoto;EditIntern;Value1;Value2;Value3;Value4;Value5;Value6
2;JORGE JESUS;228;ジョルジェ ジェズス;80;0;;False;False;False;False;0;0;0;-1;-1;-1
3;H. GÓMEZ;148;エルナン ゴメス;74;0;;False;False;False;False;0;0;0;-1;-1;-1
8;ALEXANDRE GAMA;146;アレシャンドレ ガマ;71;0;;False;False;False;False;0;0;0;-1;-1;-1
19;S. MIHAJLOVIĆ;303;シニシャ ミハイロヴィチ;79;0;;False;False;False;False;0;0;0;-1;-1;-1
23;S. COSMI;215;セルセ コズミ;70;0;;False;False;False;False;0;0;0;-1;-1;-1
24;G. IACHINI;215;ジュゼッペ イアキーニ;78;0;;False;False;False;False;0;0;0;-1;-1;-1
28;E. CORINI;215;エウジェニオ コリーニ;73;0;;False;False;False;False;0;0;0;-1;-1;-1
30;G. GASPERINI;215;ジャン ピエーロ ガスペリーニ;85;0;;False;False;False;False;0;0;0;-1;-1;-1
31;E. DI FRANCESCO;215;エウゼビオ ディフランチェスコ;78;0;;False;False;False;False;0;0;0;-1;-1;-1
33;P. BISOLI;215;ピエルパオロ ビゾーリ;67;0;;False;False;False;False;0;0;0;-1;-1;-1
37;R. BOSCAGLIA;215;ロベルト ボスカッリャ;68;0;;False;False;False;False;0;0;0;-1;-1;-1
45;K. MUSCAT;162;ケヴィン マスカット;72;0;;False;False;False;False;0;0;0;-1;-1;-1
65;JULIO VELÁZQUEZ;236;フリオ ベラスケス;72;0;;False;False;False;False;0;0;0;-1;-1;-1
81;PIZZI;236;ピッツィ;77;0;;False;False;False;False;0;0;0;-1;-1;-1
90;S. SOLBAKKEN;226;ストーレ ソルバッケン;77;0;;False;False;False;False;0;0;0;-1;-1;-1
104;RAFAEL BENÍTEZ;236;ラファエル ベニテス;82;0;;False;False;False;False;0;0;0;-1;-1;-1
105;G. VENTURA;215;ジャンピエロ ヴェントゥーラ;76;0;;False;False;False;False;0;0;0;-1;-1;-1
108;D. NICOLA;215;ダヴィデ ニコラ;74;0;;False;False;False;False;0;0;0;-1;-1;-1
109;M. RASTELLI;215;マッシモ ラステッリ;73;0;;False;False;False;False;0;0;0;-1;-1;-1
110;R. BREDA;215;ロベルト ブレーダ;68;0;;False;False;False;False;0;0;0;-1;-1;-1
111;A. TESSER;215;アッティーリオ テッセル;69;0;;False;False;False;False;0;0;0;-1;-1;-1
112;G. PILLON;215;ジュゼッペ ピロン;69;0;;False;False;False;False;0;0;0;-1;-1;-1
113;M. BARONI;215;マルコ バローニ;74;0;;False;False;False;False;0;0;0;-1;-1;-1
119;M. LUCESCU;229;ミルチェア ルチェスク;80;0;;False;False;False;False;0;0;0;-1;-1;-1
121;N. LENNON;225;ニール レノン;76;0;;False;False;False;False;0;0;0;-1;-1;-1
125;G. DONIS;211;ギオルゴス ドニス;74;0;;False;False;False;False;0;0;0;-1;-1;-1
130;C. PRANDELLI;215;チェーザレ プランデッリ;78;0;;False;False;False;False;0;0;0;-1;-1;-1
138;P. VRBA;202;パヴェル ヴルバ;78;0;;False;False;False;False;0;0;0;-1;-1;-1
155;M. RUSSO;144;ミゲル ルッソ;72;0;;False;False;False;False;0;0;0;-1;-1;-1
159;N. CRAVIOTTO;144;ネストル クラビオット;66;0;;False;False;False;False;0;0;0;-1;-1;-1
170;M. PELLEGRINO;144;マウリシオ ペジェグリーノ;77;0;;False;False;False;False;0;0;0;-1;-1;-1
195;M. SALAS;147;マリオ サラス;66;0;;False;False;False;False;0;0;0;-1;-1;-1
207;C. OLĂROIU;229;コスミン オラロイ;77;0;;False;False;False;False;0;0;0;-1;-1;-1
210;MANOLO JIMÉNEZ;236;マノロ ヒメネス;75;0;;False;False;False;False;0;0;0;-1;-1;-1
221;G. POYET;152;グスタボ ポジェト;74;0;;False;False;False;False;0;0;0;-1;-1;-1
226;L. SLUTSKY;230;レオニード スルツキー;73;0;;False;False;False;False;0;0;0;-1;-1;-1
249;S. CONCEIÇÃO;228;セルジオ コンセイソン;78;0;;False;False;False;False;0;0;0;-1;-1;-1
254;LITO VIDIGAL;228;リト ヴィディガル;70;0;;False;False;False;False;0;0;0;-1;-1;-1
266;P. MONTANIER;208;フィリップ モンタニエ;71;0;;False;False;False;False;0;0;0;-1;-1;-1
271;F. TERİM;190;ファティー テリム;83;0;;False;False;False;False;0;0;0;-1;-1;-1
274;J. OSORIO;148;ファン オソリオ;76;0;;False;False;False;False;0;0;0;-1;-1;-1
283;G. QUINTEROS;145;グスタボ キンテロス;70;0;;False;False;False;False;0;0;0;-1;-1;-1
297;PAULO FONSECA;228;パウロ フォンセカ;82;0;;False;False;False;False;0;0;0;-1;-1;-1
309;PETIT;228;プティ;71;0;;False;False;False;False;0;0;0;-1;-1;-1
311;PAULO SÉRGIO;228;パウロ セルジオ;69;0;;False;False;False;False;0;0;0;-1;-1;-1
313;PEDRO MARTINS;228;ペドロ マルティンス;72;0;;False;False;False;False;0;0;0;-1;-1;-1
322;K. NIELSEN;203;ケント ニルスン;70;0;;False;False;False;False;0;0;0;-1;-1;-1
325;O. SOLSKJÆR;226;オレ グンナー スールシャール;81;0;;False;False;False;False;0;0;0;-1;-1;-1
332;O. DE FELIPPE;144;オマール デ フェリペ;73;0;;False;False;False;False;0;0;0;-1;-1;-1
350;R. KOEMAN;224;ロナルト クーマン;83;0;;False;False;False;False;0;0;0;-1;-1;-1
354;R. STELLONE;215;ロベルト ステッローネ;65;0;;False;False;False;False;0;0;0;-1;-1;-1
374;R. DONADONI;215;ロベルト ドナドーニ;79;0;;False;False;False;False;0;0;0;-1;-1;-1
375;F. INZAGHI;215;フィリッポ インザーギ;75;0;;False;False;False;False;0;0;0;-1;-1;-1
379;D. BALLARDINI;215;ダヴィデ バッラルディーニ;76;0;;False;False;False;False;0;0;0;-1;-1;-1
380;QUIQUE SETIÉN;236;キケ セティエン;81;0;;False;False;False;False;0;0;0;-1;-1;-1
407;R. DUDAMEL;153;ラファエル ドゥダメル;73;0;;False;False;False;False;0;0;0;-1;-1;-1
412;A. ARIAS;152;アルフレド アリアス;69;0;;False;False;False;False;0;0;0;-1;-1;-1
422;R. MOSQUERA;151;ロベルト モスケラ;67;0;;False;False;False;False;0;0;0;-1;-1;-1
425;Á. COMIZZO;144;アンヘル コミッソ;66;0;;False;False;False;False;0;0;0;-1;-1;-1
431;N. BJELICA;200;ネナド ビェリカ;72;0;;False;False;False;False;0;0;0;-1;-1;-1
435;P. BOSZ;224;ペテル ボス;81;0;;False;False;False;False;0;0;0;-1;-1;-1
436;M. SARRI;215;マウリツィオ サッリ;84;0;;False;False;False;False;0;0;0;-1;-1;-1
445;C. GOURCUFF;208;クリスティアン グルキュフ;73;0;;False;False;False;False;0;0;0;-1;-1;-1
446;M. KOLLER;238;マルセル コラー;75;0;;False;False;False;False;0;0;0;-1;-1;-1
472;C. RANIERI;215;クラウディオ ラニエリ;82;0;;False;False;False;False;0;0;0;-1;-1;-1
478;M. GALLARDO;144;マルセロ ガジャルド;79;0;;False;False;False;False;0;0;0;-1;-1;-1
484;F. CASTORI;215;ファブリツィオ カストリ;76;0;;False;False;False;False;0;0;0;-1;-1;-1
485;R. D'AVERSA;215;ロベルト ダヴェルサ;73;0;;False;False;False;False;0;0;0;-1;-1;-1
488;D. COCCA;144;ディエゴ コッカ;72;0;;False;False;False;False;0;0;0;-1;-1;-1
489;V. KARPIN;230;ヴァレリー カルピン;72;0;;False;False;False;False;0;0;0;-1;-1;-1
498;J. FALCIONI;144;フリオ ファルシオニ;71;0;;False;False;False;False;0;0;0;-1;-1;-1
505;G. SANGUINETTI;152;ギジェルモ サンギネッティ;66;0;;False;False;False;False;0;0;0;-1;-1;-1
509;M. NIKOLIĆ;303;マルコ ニコリッチ;72;0;;False;False;False;False;0;0;0;-1;-1;-1
517;C. GÂLCĂ;229;コンスタンティン グルカ;75;0;;False;False;False;False;0;0;0;-1;-1;-1
535;U. STIELIKE;210;ウリ シュティーリケ;76;0;;False;False;False;False;0;0;0;-1;-1;-1
907;J. RUBIALES;144;ヨハン ルビアレス;60;0;;False;False;False;False;0;0;0;-1;-1;-1
908;Y. PUNAL;144;ヨス プニャール;60;0;;False;False;False;False;0;0;0;-1;-1;-1
1141;C. DE BRUIJN;197;シカ デ ブルエイン;60;0;;False;False;False;False;0;0;0;-1;-1;-1
1164;B. VAN DONGEN;197;バルテルト ファン ドンヘン;60;0;;False;False;False;False;0;0;0;-1;-1;-1
1168;P. SAURIN;145;ポル サウリン;60;0;;False;False;False;False;0;0;0;-1;-1;-1
1170;G. SULJAGIC;198;ゴルダナ スリャギッチ;60;0;;False;False;False;False;0;0;0;-1;-1;-1
1171;M. CARDAKLIJA;198;メヴルディン チャルダクリヤ;60;0;;False;False;False;False;0;0;0;-1;-1;-1
1172;S. KRILIC;198;セメズディン クリリッチ;60;0;;False;False;False;False;0;0;0;-1;-1;-1
1173;F. GARIC;198;ファフルディン ガリッチ;69;0;;False;False;False;False;0;0;0;-1;-1;-1
1176;R. FULIN;202;リヒャルト フリーン;60;0;;False;False;False;False;0;0;0;-1;-1;-1
1177;G. FRANDSEN;203;ゴルム フランドセン;60;0;;False;False;False;False;0;0;0;-1;-1;-1
1180;D. CLERY;208;ダリウス クレリー;68;0;;False;False;False;False;0;0;0;-1;-1;-1
1182;G. MLADENOV;199;ガヴリル ムラデノフ;65;0;;False;False;False;False;0;0;0;-1;-1;-1
1255;E. TARDE;208;エジット タルード;60;0;;False;False;False;False;0;0;0;-1;-1;-1
1256;T. MEURISSE;208;トニー ムリス;60;0;;False;False;False;False;0;0;0;-1;-1;-1
1259;S. COURCEL;208;スティーブ クールセル;60;0;;False;False;False;False;0;0;0;-1;-1;-1
1261;P. KLOTZ;208;ピエール ウィリアム クロッツ;60;0;;False;False;False;False;0;0;0;-1;-1;-1
1327;B. LAOURA;208;バスティアン ラウラ;60;0;;False;False;False;False;0;0;0;-1;-1;-1
2209;O. BUNUEL;144;オルランド ブニュエル;60;0;;False;False;False;False;0;0;0;-1;-1;-1
2210;H. TELLETXEA;147;エクトル テレチュア;60;0;;False;False;False;False;0;0;0;-1;-1;-1
100143;W. ZENGA;215;ワルテル ゼンガ;77;0;;False;False;False;False;0;0;0;-1;-1;-1
100160;D. DI CARLO;215;ドメニコ ディ カルロ;70;0;;False;False;False;False;0;0;0;-1;-1;-1
100161;R. MARAN;215;ロランド マラン;75;0;;False;False;False;False;0;0;0;-1;-1;-1
100167;P. MARINO;215;パスクアーレ マリノ;73;0;;False;False;False;False;0;0;0;-1;-1;-1
100168;J. VAN DEN BROM;224;ジョン ファン デン ブロム;75;0;;False;False;False;False;0;0;0;-1;-1;-1
100184;VÍTOR PEREIRA;228;ヴィートル ペレイラ;74;0;;False;False;False;False;0;0;0;-1;-1;-1
100185;H. HAMZAOĞLU;190;ハムザ ハムザオウル;73;0;;False;False;False;False;0;0;0;-1;-1;-1
100194;VAN BRONCKHORST;224;ファン ブロンクホルスト;74;0;;False;False;False;False;0;0;0;-1;-1;-1
100195;F. CANNAVARO;215;ファビオ カンナヴァーロ;70;0;;False;False;False;False;0;0;0;-1;-1;-1
100196;M. ODDO;215;マッシモ オッド;75;0;;False;False;False;False;0;0;0;-1;-1;-1
100197;G. MILITO;144;ガブリエル ミリート;70;0;;False;False;False;False;0;0;0;-1;-1;-1
100216;R. DE ZERBI;215;ロベルト デ ゼルビ;78;0;;False;False;False;False;0;0;0;-1;-1;-1
100217;I. JURIC;200;イヴァン ユリッチ;65;0;;False;False;False;False;0;0;0;-1;-1;-1
100236;C. GROSS;238;クリスティアン グロス;78;0;;False;False;False;False;0;0;0;-1;-1;-1
100248;CHOI KANG-HEE;16;チェ ガンヒ;76;0;;False;False;False;False;0;0;0;-1;-1;-1
100300;S. MÉNDEZ;144;セバスティアン メンデス;69;0;;False;False;False;False;0;0;0;-1;-1;-1
100308;L. SEMPLICI;215;レオナルド センプリーチ;79;0;;False;False;False;False;0;0;0;-1;-1;-1
100316;J. LLOP;144;フアン ジョプ;70;0;;False;False;False;False;0;0;0;-1;-1;-1
100329;V. VIVARINI;215;ヴィチェンツォ ヴィヴァリーニ;69;0;;False;False;False;False;0;0;0;-1;-1;-1
100340;D. TOSCANO;215;ドメニコ トスカーノ;67;0;;False;False;False;False;0;0;0;-1;-1;-1
100342;A. AGLIETTI;215;アルフレード アッリェッティ;69;0;;False;False;False;False;0;0;0;-1;-1;-1
100346;G. STROPPA;215;ジョヴァンニ ストロッパ;68;0;;False;False;False;False;0;0;0;-1;-1;-1
100348;IVO VIEIRA;228;イヴォ ヴィエイラ;72;0;;False;False;False;False;0;0;0;-1;-1;-1
100355;R. ZIELINSKI;144;リカルド シエリンスキ;74;0;;False;False;False;False;0;0;0;-1;-1;-1
100372;L. D'ANGELO;215;ルカ ダンジェロ;65;0;;False;False;False;False;0;0;0;-1;-1;-1
100373;A. SOTTIL;215;アンドレア ソッティル;65;0;;False;False;False;False;0;0;0;-1;-1;-1
100388;VÍTOR OLIVEIRA;228;ヴィートル オリヴェイラ;71;0;;False;False;False;False;0;0;0;-1;-1;-1
100408;J. AZCONZÁBAL;144;フアン アスコンサバル;69;0;;False;False;False;False;0;0;0;-1;-1;-1
100433;C. TORRES;148;セーザル トーレス;64;0;;False;False;False;False;0;0;0;-1;-1;-1
100452;G. ALEXANDER;232;グラハム アレクサンダー;60;0;;False;False;False;False;0;0;0;-1;-1;-1
100454;S. RONDINA;144;セルヒオ ロンディナ;72;0;;False;False;False;False;0;0;0;-1;-1;-1
100458;G. COLEONI;144;グスタボ コレオニ;66;0;;False;False;False;False;0;0;0;-1;-1;-1
100459;I. DELFINO;144;イバン デルフィノ;69;0;;False;False;False;False;0;0;0;-1;-1;-1
100464;NATXO GONZÁLEZ;236;ナチョ ゴンサレス;69;0;;False;False;False;False;0;0;0;-1;-1;-1
100499;D. AHMED;144;ダニエル アーメド;69;0;;False;False;False;False;0;0;0;-1;-1;-1
100507;J. MEELARP;36;ジャデー ミラープ;65;0;;False;False;False;False;0;0;0;-1;-1;-1
100521;M. ALVINI;215;マッシミリアーノ アルヴィーニ;62;0;;False;False;False;False;0;0;0;-1;-1;-1
100524;LUÍS CASTRO;228;ルイス カストロ;72;0;;False;False;False;False;0;0;0;-1;-1;-1
100525;ABEL FERREIRA;228;アベル フェレイラ;72;0;;False;False;False;False;0;0;0;-1;-1;-1
100538;JORGE SIMÃO;228;ジョルジェ シモン;69;0;;False;False;False;False;0;0;0;-1;-1;-1
100552;MILTON MENDES;146;ミウトン メンデス;69;0;;False;False;False;False;0;0;0;-1;-1;-1
100555;PAKO AYESTARÁN;236;パコ アジェスタラン;72;0;;False;False;False;False;0;0;0;-1;-1;-1
100624;N. GÓMEZ;148;ネルソン ゴメス;64;0;;False;False;False;False;0;0;0;-1;-1;-1
100644;VANHAEZEBROUCK;197;ハイン ファンハエゼブラウク;75;0;;False;False;False;False;0;0;0;-1;-1;-1
100652;P. CLEMENT;204;ポール クレメント;74;0;;False;False;False;False;0;0;0;-1;-1;-1
100663;M. SCIACQUA;144;マリオ シャクワ;68;0;;False;False;False;False;0;0;0;-1;-1;-1
100672;A. HOLAN;144;アリエル オラン;75;0;;False;False;False;False;0;0;0;-1;-1;-1
100693;C. CARVALHAL;228;カルロス カルヴァリャル;76;0;;False;False;False;False;0;0;0;-1;-1;-1
100695;SÁ PINTO;228;サ ピント;68;0;;False;False;False;False;0;0;0;-1;-1;-1
100696;RUI ALMEIDA;228;ルイ アルメイダ;70;0;;False;False;False;False;0;0;0;-1;-1;-1
100704;F. STIFANO;153;フランセスコ スティファノ;65;0;;False;False;False;False;0;0;0;-1;-1;-1
100706;L. ZUBELDÍA;144;ルイス スベルディア;71;0;;False;False;False;False;0;0;0;-1;-1;-1
100709;A. GAMERO;148;アルベルト ガメロ;69;0;;False;False;False;False;0;0;0;-1;-1;-1
100719;H. CRESPO;144;エルナン クレスポ;69;0;;False;False;False;False;0;0;0;-1;-1;-1
100720;E. DOMÍNGUEZ;144;エドゥアルド ドミンゲス;68;0;;False;False;False;False;0;0;0;-1;-1;-1
100727;S. BECCACECE;144;セバスティアン ベッカセセ;72;0;;False;False;False;False;0;0;0;-1;-1;-1
100744;B. GÉNÉSIO;208;ブルーノ ジェネシオ;76;0;;False;False;False;False;0;0;0;-1;-1;-1
100753;D. WAGNER;210;ダヴィド ヴァグナー;76;0;;False;False;False;False;0;0;0;-1;-1;-1
100764;BEÑAT SAN JOSÉ;236;ベニャト サン ホセ;71;0;;False;False;False;False;0;0;0;-1;-1;-1
100780;Z. MAMIĆ;200;ゾラン マミッチ;73;0;;False;False;False;False;0;0;0;-1;-1;-1
100795;B. STORCK;210;ベルント シュトルク;75;0;;False;False;False;False;0;0;0;-1;-1;-1
100800;D. PETRESCU;229;ダン ペトレスク;68;0;;False;False;False;False;0;0;0;-1;-1;-1
100812;R. VENTURATO;215;ロベルト ヴェントゥラート;69;0;;False;False;False;False;0;0;0;-1;-1;-1
100816;C. BROCCHI;215;クリスティアン ブロッキ;72;0;;False;False;False;False;0;0;0;-1;-1;-1
100817;S. INZAGHI;215;シモーネ インザーギ;82;0;;False;False;False;False;0;0;0;-1;-1;-1
100829;M. PREUD'HOMME;197;ミシェル プロドーム;74;0;;False;False;False;False;0;0;0;-1;-1;-1
100837;JOSÉ GONZÁLEZ;236;ホセ ゴンサレス;64;0;;False;False;False;False;0;0;0;-1;-1;-1
100849;G. ÁLVAREZ;144;グスタボ アルバレス;67;0;;False;False;False;False;0;0;0;-1;-1;-1
100851;B. TEDINO;215;ブルーノ テディーノ;68;0;;False;False;False;False;0;0;0;-1;-1;-1
100853;F. KUDELKA;144;フランク クデルカ;72;0;;False;False;False;False;0;0;0;-1;-1;-1
100880;SÉRGIO VIEIRA;228;セルジオ ヴィエイラ;69;0;;False;False;False;False;0;0;0;-1;-1;-1
100885;F. PECCHIA;215;ファビオ ペッキア;71;0;;False;False;False;False;0;0;0;-1;-1;-1
100899;PEPA;228;ペパ;69;0;;False;False;False;False;0;0;0;-1;-1;-1
100913;DANIEL RAMOS;228;ダニエル ラモス;73;0;;False;False;False;False;0;0;0;-1;-1;-1
100936;VASCO SEABRA;228;ヴァスコ セアブラ;62;0;;False;False;False;False;0;0;0;-1;-1;-1
100939;V. GONCHARENKO;196;ヴィクトル ゴンチャレンコ;75;0;;False;False;False;False;0;0;0;-1;-1;-1
100944;RICARDO SOARES;228;リカルド ソアレス;70;0;;False;False;False;False;0;0;0;-1;-1;-1
100945;NUNO SANTOS;228;ヌーノ サントス;66;0;;False;False;False;False;0;0;0;-1;-1;-1
100946;G. HOYOS;144;ギジェルモ オヨス;74;0;;False;False;False;False;0;0;0;-1;-1;-1
100961;M. ISHII;13;石井 正忠;69;0;;False;False;False;False;0;0;0;-1;-1;-1
100973;F. LIVERANI;215;ファビオ リヴェラーニ;67;0;;False;False;False;False;0;0;0;-1;-1;-1
101035;M. CARRERA;215;マッシモ カッレーラ;76;0;;False;False;False;False;0;0;0;-1;-1;-1
101053;V. BERTOTTO;215;ヴァレリオ ベルトット;59;0;;False;False;False;False;0;0;0;-1;-1;-1
101057;G. GRASSADONIA;215;ジャンルカ グラッサドニア;66;0;;False;False;False;False;0;0;0;-1;-1;-1
101065;A. KHATSKEVICH;196;アレクサンドル ハツケヴィッチ;71;0;;False;False;False;False;0;0;0;-1;-1;-1
101066;D. TEDESCO;210;ドメニコ テデスコ;74;0;;False;False;False;False;0;0;0;-1;-1;-1
101068;P. ZEIDLER;210;ペーター ツィードラー;69;0;;False;False;False;False;0;0;0;-1;-1;-1
101069;F. GROSSO;215;ファビオ グロッソ;76;0;;False;False;False;False;0;0;0;-1;-1;-1
101078;I. LEKO;200;イヴァン レコ;74;0;;False;False;False;False;0;0;0;-1;-1;-1
101079;M. SOSO;144;マリアノ ソソ;71;0;;False;False;False;False;0;0;0;-1;-1;-1
101086;A. KOCAMAN;190;アイクト コジャマン;73;0;;False;False;False;False;0;0;0;-1;-1;-1
101098;MIGUEL CARDOSO;228;ミゲル カルドーゾ;72;0;;False;False;False;False;0;0;0;-1;-1;-1
101099;A. BERTI;144;アルフレッド ベルティ;69;0;;False;False;False;False;0;0;0;-1;-1;-1
101119;Y. VANDERHAEGHE;197;イヴ ファンデルヘーゲ;69;0;;False;False;False;False;0;0;0;-1;-1;-1
101135;JORGE COSTA;228;ジョルジェ コスタ;67;0;;False;False;False;False;0;0;0;-1;-1;-1
101151;D. DABOVE;144;ディエゴ ダボベ;69;0;;False;False;False;False;0;0;0;-1;-1;-1
101154;JOÃO HENRIQUES;228;ジョアン エンリケス;72;0;;False;False;False;False;0;0;0;-1;-1;-1
101156;SILAS;228;シラス;70;0;;False;False;False;False;0;0;0;-1;-1;-1
101160;J. TRPIŠOVSKÝ;202;インドジフ トルピショフスキ;69;0;;False;False;False;False;0;0;0;-1;-1;-1
101170;B. UYGUN;190;ビュレント ウイグン;68;0;;False;False;False;False;0;0;0;-1;-1;-1
101171;M. FERREIRA;228;マヌエル フェレイラ;71;0;;False;False;False;False;0;0;0;-1;-1;-1
101173;B. BANDOVIĆ;211;ボジダル バンドヴィッチ;72;0;;False;False;False;False;0;0;0;-1;-1;-1
101175;WU JINGUI;7;ウ ジングィ;65;0;;False;False;False;False;0;0;0;-1;-1;-1
101178;Y. SEMIN;230;ユーリ ショミン;77;0;;False;False;False;False;0;0;0;-1;-1;-1
101179;A. AVCI;190;アブドゥラー アヴジュ;78;0;;False;False;False;False;0;0;0;-1;-1;-1
101187;T. WRIGHT;225;トミー ライト;74;0;;False;False;False;False;0;0;0;-1;-1;-1
101190;M. BOŽOVIĆ;304;ミオドラグ ボージョヴィッチ;73;0;;False;False;False;False;0;0;0;-1;-1;-1
101194;J. COMESAÑA;152;フリオ コメサーニャ;75;0;;False;False;False;False;0;0;0;-1;-1;-1
101197;L. BÖLÖNI;229;ラースロー ベレニ;76;0;;False;False;False;False;0;0;0;-1;-1;-1
101199;G. PÉREZ;152;グレゴリオ ペレス;72;0;;False;False;False;False;0;0;0;-1;-1;-1
101202;F. DURY;197;フランキー デュリ;73;0;;False;False;False;False;0;0;0;-1;-1;-1
101204;S. AYBABA;190;サメト アイババ;70;0;;False;False;False;False;0;0;0;-1;-1;-1
101207;D. MCINNES;232;デレク マキネス;76;0;;False;False;False;False;0;0;0;-1;-1;-1
101208;M. ŞUMUDICĂ;229;マリウス シュムディカ;73;0;;False;False;False;False;0;0;0;-1;-1;-1
101223;I. SHALIMOV;230;イゴル シャリモフ;69;0;;False;False;False;False;0;0;0;-1;-1;-1
101224;D. PARFENOV;239;ドミトロ パルフェノフ;70;0;;False;False;False;False;0;0;0;-1;-1;-1
101228;S. ROBINSON;225;スティーヴン ロビンソン;71;0;;False;False;False;False;0;0;0;-1;-1;-1
101232;V. EVSEEV;230;ヴァディム エフセーフ;69;0;;False;False;False;False;0;0;0;-1;-1;-1
101237;S. SEMAK;230;セルゲイ セマク;77;0;;False;False;False;False;0;0;0;-1;-1;-1
101238;Y. MATVEEV;230;ユリ マトヴェーフ;69;0;;False;False;False;False;0;0;0;-1;-1;-1
101246;P. MAES;197;ペテル マエス;69;0;;False;False;False;False;0;0;0;-1;-1;-1
101247;R. ÇALIMBAY;190;リザ チャルンバイ;68;0;;False;False;False;False;0;0;0;-1;-1;-1
101254;B. HENRIKSEN;203;ボ ヘンレクスン;69;0;;False;False;False;False;0;0;0;-1;-1;-1
101257;G. CONTINI;238;ジョルジョ コンティーニ;68;0;;False;False;False;False;0;0;0;-1;-1;-1
101260;CHANG WOE-RYONG;16;チャン ウェリョン;66;0;;False;False;False;False;0;0;0;-1;-1;-1
101267;M. ÖZDİLEK;190;メフメト エズディレク;67;0;;False;False;False;False;0;0;0;-1;-1;-1
101277;P. SØRENSEN;203;ピーダ サーアンスン;64;0;;False;False;False;False;0;0;0;-1;-1;-1
101281;İ. BUZ;190;イルファン ブズ;66;0;;False;False;False;False;0;0;0;-1;-1;-1
101284;J. MICHELSEN;203;ヤコブ ミゲルスン;69;0;;False;False;False;False;0;0;0;-1;-1;-1
101291;T. THOMASBERG;203;トマス トマスベア;67;0;;False;False;False;False;0;0;0;-1;-1;-1
101292;D. NIELSEN;203;デーヴィズ ニルスン;67;0;;False;False;False;False;0;0;0;-1;-1;-1
101293;J. THORUP;203;イェス トーロプ;76;0;;False;False;False;False;0;0;0;-1;-1;-1
101299;O. BURUK;190;オカン ブルク;66;0;;False;False;False;False;0;0;0;-1;-1;-1
101314;F. CELESTINI;238;ファビオ チェレスティーニ;66;0;;False;False;False;False;0;0;0;-1;-1;-1
101319;H. BODHERT;148;ウベルト ボデルト;68;0;;False;False;False;False;0;0;0;-1;-1;-1
101321;K. BELHOCINE;208;カリム ベロサン;67;0;;False;False;False;False;0;0;0;-1;-1;-1
101327;J. REAL;144;ファン レアル;65;0;;False;False;False;False;0;0;0;-1;-1;-1
101330;P. CLEMENT;197;フィリップ クレモン;73;0;;False;False;False;False;0;0;0;-1;-1;-1
101335;T. TUNA;190;タメル トゥナ;67;0;;False;False;False;False;0;0;0;-1;-1;-1
101347;D. CORREDOR;148;ディエゴ コレドル;67;0;;False;False;False;False;0;0;0;-1;-1;-1
101358;A. ČUSTOVIĆ;198;アドナン チュストヴィッチ;68;0;;False;False;False;False;0;0;0;-1;-1;-1
101361;W. DE DECKER;197;ヴィム デ デケル;64;0;;False;False;False;False;0;0;0;-1;-1;-1
101366;E. BULUT;190;エロル ブルト;70;0;;False;False;False;False;0;0;0;-1;-1;-1
101367;M. SCHNEIDER;238;マルク シュナイダー;76;0;;False;False;False;False;0;0;0;-1;-1;-1
101414;H. ÇALIŞKAN;190;ハカン チャルシュカン;56;0;;False;False;False;False;0;0;0;-1;-1;-1
101457;D. STOJKOVIĆ;303;ドラガン ストイコヴィッチ;72;0;;False;False;False;False;0;0;0;-1;-1;-1
101490;R. PROSINEČKI;200;ロベルト プロシネチキ;71;0;;False;False;False;False;0;0;0;-1;-1;-1
101494;L. DI BIAGIO;215;ルイージ ディ ビアージョ;75;0;;False;False;False;False;0;0;0;-1;-1;-1
101517;F. VERCAUTEREN;197;フランキー フェルカウテレン;75;0;;False;False;False;False;0;0;0;-1;-1;-1
101519;M. BAKKAL;190;メスト バッカル;69;0;;False;False;False;False;0;0;0;-1;-1;-1
101522;S. YALÇIN;190;セルゲン ヤルチュン;68;0;;False;False;False;False;0;0;0;-1;-1;-1
101523;G. SEOANE;238;ヘラルド セオアネ;67;0;;False;False;False;False;0;0;0;-1;-1;-1
101525;H. TORRES;148;エルナン トーレス;67;0;;False;False;False;False;0;0;0;-1;-1;-1
101529;M. JACOBACCI;215;マウリツィオ ヤコバッチ;71;0;;False;False;False;False;0;0;0;-1;-1;-1
101533;Ü. KARAMAN;190;ユナル カラマン;71;0;;False;False;False;False;0;0;0;-1;-1;-1
101534;V. FEDOTOV;230;ウラディミル フェドートフ;71;0;;False;False;False;False;0;0;0;-1;-1;-1
101540;B. BEKTAŞ;190;バイラム ベクタシュ;66;0;;False;False;False;False;0;0;0;-1;-1;-1
101551;LUIS GARCÍA;236;ルイス ガルシア;67;0;;False;False;False;False;0;0;0;-1;-1;-1
101552;J. GÓMEZ;148;ジョン ゴメス;66;0;;False;False;False;False;0;0;0;-1;-1;-1
101555;S. KETTLEWELL;232;スチュワート ケトルウェル;65;0;;False;False;False;False;0;0;0;-1;-1;-1
101559;L. MAGNIN;238;リュドヴィク マニン;67;0;;False;False;False;False;0;0;0;-1;-1;-1
101562;İ. KARTAL;190;イスマイル カルタル;67;0;;False;False;False;False;0;0;0;-1;-1;-1
101564;M. MUSAEV;230;ムラド ムサエフ;77;0;;False;False;False;False;0;0;0;-1;-1;-1
101568;LI XIAOPENG;7;リ シャオペン;66;0;;False;False;False;False;0;0;0;-1;-1;-1
101572;G. VOLPE;215;ジェンナーロ ヴォルペ;65;0;;False;False;False;False;0;0;0;-1;-1;-1
101581;A. TALALAEV;230;アンドレイ タララエフ;71;0;;False;False;False;False;0;0;0;-1;-1;-1
101589;M. ALTIPARMAK;190;メフメト アルトゥパルマク;66;0;;False;False;False;False;0;0;0;-1;-1;-1
101595;J. ROSS;232;ジャック ロス;72;0;;False;False;False;False;0;0;0;-1;-1;-1
101598;A. NESTA;215;アレッサンドロ ネスタ;67;0;;False;False;False;False;0;0;0;-1;-1;-1
101615;B. KORKMAZ;190;ビュレント コルクマズ;70;0;;False;False;False;False;0;0;0;-1;-1;-1
101617;J. ASKOU;203;イェンス アスコウ;65;0;;False;False;False;False;0;0;0;-1;-1;-1
101624;A. PÖLKING;146;アレシャンドレ ペウキング;61;0;;False;False;False;False;0;0;0;-1;-1;-1
101632;T. DAMRONG;36;タワトチャイ ダムロング;63;0;;False;False;False;False;0;0;0;-1;-1;-1
101634;S. GERRARD;204;スティーヴン ジェラード;67;0;;False;False;False;False;0;0;0;-1;-1;-1
101635;S. KONGTHEP;36;スラポン コンテープ;66;0;;False;False;False;False;0;0;0;-1;-1;-1
101637;M. JOKSIĆ;303;ミロシュ ヨクシッチ;63;0;;False;False;False;False;0;0;0;-1;-1;-1
101638;D. MARTINDALE;232;デイヴィッド マーティンデイル;64;0;;False;False;False;False;0;0;0;-1;-1;-1
101644;JOSÉ GOMES;228;ジョゼ ゴメス;73;0;;False;False;False;False;0;0;0;-1;-1;-1
101654;M. BRYS;197;マルク ブリス;70;0;;False;False;False;False;0;0;0;-1;-1;-1
101660;J. CRUIJFF;224;ジョルディ クライフ;68;0;;False;False;False;False;0;0;0;-1;-1;-1
101663;G. HOLT;232;ギャリー ホルト;66;0;;False;False;False;False;0;0;0;-1;-1;-1
101666;R. RAKHIMOV;230;ラシド ラヒモフ;72;0;;False;False;False;False;0;0;0;-1;-1;-1
101670;L. PEREA;148;ルイス ペレア;66;0;;False;False;False;False;0;0;0;-1;-1;-1
101672;R.VIWATCHAICHOK;36;ランサン ヴィワチャイチョック;62;0;;False;False;False;False;0;0;0;-1;-1;-1
101681;WANG BAOSHAN;7;ワン バオシャン;68;0;;False;False;False;False;0;0;0;-1;-1;-1
101684;E. LARA;148;エドゥアルド ララ;71;0;;False;False;False;False;0;0;0;-1;-1;-1
101686;U. BOONMOH;36;ウタイ ブンモ;65;0;;False;False;False;False;0;0;0;-1;-1;-1
101693;PARK CHOONGKYUN;16;パク チュンギュン;64;0;;False;False;False;False;0;0;0;-1;-1;-1
101738;D. CHALERMSANG;36;ドゥシット チャレルムサン;60;0;;False;False;False;False;0;0;0;-1;-1;-1
101749;J. MÉNDEZ;148;フリオ メンデス;65;0;;False;False;False;False;0;0;0;-1;-1;-1
101750;LI TIE;7;リ ティエ;66;0;;False;False;False;False;0;0;0;-1;-1;-1
101754;P. KHUNNAEN;36;パヨン クンナン;62;0;;False;False;False;False;0;0;0;-1;-1;-1
101761;I. CHEREVCHENKO;41;イゴール チェレフチェンコ;71;0;;False;False;False;False;0;0;0;-1;-1;-1
101767;H. KARAMAN;190;ヒクメト カラマン;70;0;;False;False;False;False;0;0;0;-1;-1;-1
101771;A. GARCÍA;148;アレクシス ガルシア;69;0;;False;False;False;False;0;0;0;-1;-1;-1
101773;L. PUSINERI;144;ルーカス プシネリ;69;0;;False;False;False;False;0;0;0;-1;-1;-1
101774;E. YANAL;190;エルスン ヤナル;72;0;;False;False;False;False;0;0;0;-1;-1;-1
101775;J. FRIIS;203;ヤコブ フリース;66;0;;False;False;False;False;0;0;0;-1;-1;-1
101780;BRUNO LAGE;228;ブルーノ ラゲ;76;0;;False;False;False;False;0;0;0;-1;-1;-1
101781;H. SIERRA;148;ウンベルト シエラ;66;0;;False;False;False;False;0;0;0;-1;-1;-1
101792;B. RICE;232;ブライアン ライス;64;0;;False;False;False;False;0;0;0;-1;-1;-1
101837;L. OLSEN;203;ラース オールスン;70;0;;False;False;False;False;0;0;0;-1;-1;-1
101840;M. KAPLAN;190;ムスタファ カプラン;67;0;;False;False;False;False;0;0;0;-1;-1;-1
101847;G. RIDDERSHOLM;203;グレン リザスホルム;72;0;;False;False;False;False;0;0;0;-1;-1;-1
101892;H. RIVERA;148;アロルド リベラ;66;0;;False;False;False;False;0;0;0;-1;-1;-1
101897;A. GEIGER;238;アラン ガイガー;69;0;;False;False;False;False;0;0;0;-1;-1;-1
101899;W. VRANCKEN;197;ワウテル フランケン;68;0;;False;False;False;False;0;0;0;-1;-1;-1
101900;S. FERGUSON;232;スティーヴィー ファーガソン;68;0;;False;False;False;False;0;0;0;-1;-1;-1
101917;F. PEDERSEN;203;フレミング ピーダスン;69;0;;False;False;False;False;0;0;0;-1;-1;-1
101920;A. THONGAUM;36;アロンコーン トーンガウム;64;0;;False;False;False;False;0;0;0;-1;-1;-1
101921;XIE FENG;7;シェ フォン;65;0;;False;False;False;False;0;0;0;-1;-1;-1
101928;M. HEMMINGSEN;203;ミケール ヘミングスン;67;0;;False;False;False;False;0;0;0;-1;-1;-1
101936;R. NEILSON;232;ロビー ニールソン;60;0;;False;False;False;False;0;0;0;-1;-1;-1
101937;M. SÖNMEZ;190;ムラト センメズ;69;0;;False;False;False;False;0;0;0;-1;-1;-1
101939;F. CASERTA;215;ファビオ カゼルタ;70;0;;False;False;False;False;0;0;0;-1;-1;-1
101946;C. NIELSEN;203;クレスチャン ニルスン;65;0;;False;False;False;False;0;0;0;-1;-1;-1
101950;P. RAHMEN;238;パトリック ラーメン;67;0;;False;False;False;False;0;0;0;-1;-1;-1
101952;A. DIONISI;215;アレッシオ ディオニージ;66;0;;False;False;False;False;0;0;0;-1;-1;-1
101965;A. RESTREPO;148;アレハンドロ レストレポ;64;0;;False;False;False;False;0;0;0;-1;-1;-1
101967;V. ITALIANO;215;ヴィンチェンツォ イタリアーノ;65;0;;False;False;False;False;0;0;0;-1;-1;-1
101974;A. GBADEBO;80;アデバヨ グバデボ;62;0;;False;False;False;False;0;0;0;-1;-1;-1
101975;S. POBPRASERT;36;サソム ポップラスー;63;0;;False;False;False;False;0;0;0;-1;-1;-1
101976;A. GUIMARÃES;112;アレクサンドレ ギマランイス;69;0;;False;False;False;False;0;0;0;-1;-1;-1
101980;A. MEDINA;152;アレクサンデル メディナ;69;0;;False;False;False;False;0;0;0;-1;-1;-1
101986;V. KOMPANY;197;ヴァンサン コンパニ;64;0;;False;False;False;False;0;0;0;-1;-1;-1
101992;B. HOLLERBACH;210;ベルント ホラーバッハ;67;0;;False;False;False;False;0;0;0;-1;-1;-1
101993;N. FREDERIKSEN;203;ニルス フレズレクスン;68;0;;False;False;False;False;0;0;0;-1;-1;-1
101994;M. VIVAS;144;マルセロ ビバス;65;0;;False;False;False;False;0;0;0;-1;-1;-1
101999;J. GOODWIN;214;ジム グッドウィン;64;0;;False;False;False;False;0;0;0;-1;-1;-1
102000;J. MAGNIN;238;ジョエル マニン;65;0;;False;False;False;False;0;0;0;-1;-1;-1
102004;J. PEDRO SOUSA;228;ジョアン ペドロ ソウザ;69;0;;False;False;False;False;0;0;0;-1;-1;-1
102006;H. CAPUTTO;147;エクトル カプット;59;0;;False;False;False;False;0;0;0;-1;-1;-1
102009;P. ZANETTI;215;パオロ ザネッティ;65;0;;False;False;False;False;0;0;0;-1;-1;-1
102010;L. ELSNER;235;ルカ エルスネル;72;0;;False;False;False;False;0;0;0;-1;-1;-1
102018;MYKHAYLYCHENKO;239;アレクセイ ミハイリチェンコ;73;0;;False;False;False;False;0;0;0;-1;-1;-1
102024;B. PRISKE;203;ブライアン プリスケ;64;0;;False;False;False;False;0;0;0;-1;-1;-1
102029;D. MARADONA;144;ディエゴ マラドーナ;74;0;;False;False;False;False;0;0;0;-1;-1;-1
102036;S. MATVEEV;230;セルゲイ マトヴェーフ;71;0;;False;False;False;False;0;0;0;-1;-1;-1
102052;S. PERVUSHIN;230;セルゲイ ペルヴシン;65;0;;False;False;False;False;0;0;0;-1;-1;-1
102056;L. GOTTI;215;ルカ ゴッティ;70;0;;False;False;False;False;0;0;0;-1;-1;-1
102062;A. GHOTBI;11;アフシン ゴトビ;66;0;;False;False;False;False;0;0;0;-1;-1;-1
102071;W. ANTAKHAMPHU;36;ワトチャラコーン アンタカンプ;58;0;;False;False;False;False;0;0;0;-1;-1;-1
102077;E. PARLATAN;210;エルサン パルラタン;66;0;;False;False;False;False;0;0;0;-1;-1;-1
102080;H. FLICK;210;ハンジ フリック;81;0;;False;False;False;False;0;0;0;-1;-1;-1
102081;K. NOVIKOV;230;キリル ノヴィコフ;70;0;;False;False;False;False;0;0;0;-1;-1;-1
102084;D. OLIVIERI;197;ドメニコ オリヴィエリ;64;0;;False;False;False;False;0;0;0;-1;-1;-1
102088;H. WOLF;210;ハンネス ヴォルフ;66;0;;False;False;False;False;0;0;0;-1;-1;-1
102092;S. TOMAS;200;スティエパン トマス;64;0;;False;False;False;False;0;0;0;-1;-1;-1
102094;N. HAYEN;197;ニッキ ハイエン;66;0;;False;False;False;False;0;0;0;-1;-1;-1
102099;EMANUEL FERRO;228;エマヌエル フェロ;65;0;;False;False;False;False;0;0;0;-1;-1;-1
102103;H. ÇİMŞİR;190;フュセイン チムシル;64;0;;False;False;False;False;0;0;0;-1;-1;-1
102104;I. DAMONTE;144;イスラエル ダモンテ;69;0;;False;False;False;False;0;0;0;-1;-1;-1
102107;O. MAHİR;190;オメル マヒル;64;0;;False;False;False;False;0;0;0;-1;-1;-1
102108;K. EMELJANOV;230;コンスタンティン エメリャノフ;71;0;;False;False;False;False;0;0;0;-1;-1;-1
102109;MIKEL ARTETA;236;ミケル アルテタ;81;0;;False;False;False;False;0;0;0;-1;-1;-1
102111;MICAEL SEQUEIRA;228;ミカエル セケイラ;67;0;;False;False;False;False;0;0;0;-1;-1;-1
102112;A. DYER;232;アレックス ダイアー;64;0;;False;False;False;False;0;0;0;-1;-1;-1
102115;P. TRAMEZZANI;215;パオロ トラメッツァーニ;57;0;;False;False;False;False;0;0;0;-1;-1;-1
102118;M. KOSTIĆ;235;ミロシュ コスティッチ;68;0;;False;False;False;False;0;0;0;-1;-1;-1
102122;N. LEGROTTAGLIE;215;ニコラ レグロッターリエ;65;0;;False;False;False;False;0;0;0;-1;-1;-1
102126;R. DIONISIO;228;リカルド ディオニジオ;64;0;;False;False;False;False;0;0;0;-1;-1;-1
102127;M. AKÇAY;190;ムスタファ アクチャイ;69;0;;False;False;False;False;0;0;0;-1;-1;-1
102137;F. ÇAPA;190;フアト チャパ;64;0;;False;False;False;False;0;0;0;-1;-1;-1
102138;M. TAKI;13;滝 雅美;64;0;;False;False;False;False;0;0;0;-1;-1;-1
102150;V. KOTAL;202;ヴァーツラフ コタル;67;0;;False;False;False;False;0;0;0;-1;-1;-1
102152;C. UAMTHAM;36;チャイトゥッド ウアムタム;64;0;;False;False;False;False;0;0;0;-1;-1;-1
102154;D. GEERAERD;197;ディルク ヘーラエルト;65;0;;False;False;False;False;0;0;0;-1;-1;-1
102155;SURACHAI J.;36;スラチャイ ジャトラパタラポン;64;0;;False;False;False;False;0;0;0;-1;-1;-1
102156;G. JARA;150;ガルベルト ハラ;63;0;;False;False;False;False;0;0;0;-1;-1;-1
102157;L. DESÁBATO;144;レアンドロ デサバト;58;0;;False;False;False;False;0;0;0;-1;-1;-1
102159;G. SALAS;151;ギジェルモ サラス;55;0;;False;False;False;False;0;0;0;-1;-1;-1
102160;M. MOSSET;144;マルセロ モセト;55;0;;False;False;False;False;0;0;0;-1;-1;-1
102181;J. ARTIGAS;144;ホルヘ アルティガス;65;0;;False;False;False;False;0;0;0;-1;-1;-1
102182;A. BOBADILLA;150;アルド ボバディージャ;67;0;;False;False;False;False;0;0;0;-1;-1;-1
102184;JOSÉ ARASTEY;236;ホセ アラステイ;64;0;;False;False;False;False;0;0;0;-1;-1;-1
102186;H. LOSADA;144;エルナン ロサダ;58;0;;False;False;False;False;0;0;0;-1;-1;-1
102207;H. KUTLU;190;ハカン クトゥル;68;0;;False;False;False;False;0;0;0;-1;-1;-1
102219;M. MELLON;232;ミッキー メロン;67;0;;False;False;False;False;0;0;0;-1;-1;-1
102220;C. SFORZA;238;チリアコ スフォルツァ;64;0;;False;False;False;False;0;0;0;-1;-1;-1
102227;CÉSAR PEIXOTO;228;セーザル ペイショト;58;0;;False;False;False;False;0;0;0;-1;-1;-1
102235;D. MARTÍNEZ;144;ディエゴ マルティネス;69;0;;False;False;False;False;0;0;0;-1;-1;-1
102236;S. YURAN;230;セルゲイ ユラン;72;0;;False;False;False;False;0;0;0;-1;-1;-1
102237;M. FRICK;218;マリオ フリック;67;0;;False;False;False;False;0;0;0;-1;-1;-1
102240;J. SANGUINETTI;144;ハビエル サンギネッティ;65;0;;False;False;False;False;0;0;0;-1;-1;-1
102247;R. OCCHIUZZI;215;ロベルト オッキウッツィ;65;0;;False;False;False;False;0;0;0;-1;-1;-1
102248;D. DIONIGI;215;ダヴィデ ディオニージ;67;0;;False;False;False;False;0;0;0;-1;-1;-1
102249;C. GONZÁLEZ;144;クリスティアン ゴンサレス;70;0;;False;False;False;False;0;0;0;-1;-1;-1
102253;Y. KOŞUKAVAK;190;ヤルチュン コシュカヴァク;66;0;;False;False;False;False;0;0;0;-1;-1;-1
102256;J. DAL;203;ヨーナス ダル;67;0;;False;False;False;False;0;0;0;-1;-1;-1
102263;A. CANEL;190;アトゥライ ジャネル;65;0;;False;False;False;False;0;0;0;-1;-1;-1
102271;S. PODPALY;239;セルゲイ ポドパリ;69;0;;False;False;False;False;0;0;0;-1;-1;-1
102276;A. BLESSIN;210;アレクサンダー ブレシン;66;0;;False;False;False;False;0;0;0;-1;-1;-1
102286;YANG JI;7;ヤン ジ;58;0;;False;False;False;False;0;0;0;-1;-1;-1
102287;DANIEL POYATOS;236;ダニエル ポヤトス;64;0;;False;False;False;False;0;0;0;-1;-1;-1
102288;K. ATİK;190;ケナン アティク;58;0;;False;False;False;False;0;0;0;-1;-1;-1
102289;F. DA CRUZ;208;フェルナンド ダ クルス;64;0;;False;False;False;False;0;0;0;-1;-1;-1
102290;C. DAVIDSON;232;カラム デイヴィッドソン;64;0;;False;False;False;False;0;0;0;-1;-1;-1
102294;YANG WEIJIAN;7;ヤン ウェイジェン;60;0;;False;False;False;False;0;0;0;-1;-1;-1
102295;TIAGO;228;ティアゴ;71;0;;False;False;False;False;0;0;0;-1;-1;-1
102296;E. NEWTON;204;エディ ニュートン;71;0;;False;False;False;False;0;0;0;-1;-1;-1
102297;MÁRIO SILVA;228;マリオ シルヴァ;71;0;;False;False;False;False;0;0;0;-1;-1;-1
102298;A. PIRLO;215;アンドレア ピルロ;77;0;;False;False;False;False;0;0;0;-1;-1;-1
102301;D. GUNKO;230;ドミトリ グンコ;66;0;;False;False;False;False;0;0;0;-1;-1;-1
102307;MERT NOBRE;146;メルト ノブレ;69;0;;False;False;False;False;0;0;0;-1;-1;-1
102309;B. AGUILAR;148;ベルメル アギラル;58;0;;False;False;False;False;0;0;0;-1;-1;-1
102311;K. BORIRAK;36;カモン ボリラック;64;0;;False;False;False;False;0;0;0;-1;-1;-1
102312;A. SUÁREZ;148;アルベルト スアレス;58;0;;False;False;False;False;0;0;0;-1;-1;-1
102314;RUBEN AMORIM;228;ルベン アモリム;71;0;;False;False;False;False;0;0;0;-1;-1;-1
102319;PANG LI;7;パン リ;64;0;;False;False;False;False;0;0;0;-1;-1;-1
102320;T. CARDAMA;151;テディ カルダマ;64;0;;False;False;False;False;0;0;0;-1;-1;-1
102321;S. TOKATLI;190;セミフ トカトル;64;0;;False;False;False;False;0;0;0;-1;-1;-1
102322;S. TREEPHAN;36;サラウット トレーパン;64;0;;False;False;False;False;0;0;0;-1;-1;-1
102324;S. SINGNAN;36;サラトーン シンナン;58;0;;False;False;False;False;0;0;0;-1;-1;-1
102327;M. BAUM;210;マヌエル バウム;74;0;;False;False;False;False;0;0;0;-1;-1;-1
102334;JAVIER PEREIRA;236;ハビエル ペレイラ;64;0;;False;False;False;False;0;0;0;-1;-1;-1
102335;HAO WEI;7;ハオ ウェイ;64;0;;False;False;False;False;0;0;0;-1;-1;-1
102341;D. INVINCIBILE;162;ダニー インヴィンシビル;64;0;;False;False;False;False;0;0;0;-1;-1;-1
102343;S. SCHWARZ;210;サンドロ シュヴァルツ;64;0;;False;False;False;False;0;0;0;-1;-1;-1
102344;M. ĐUROVSKI;221;マリオ ジュロヴスキ;64;0;;False;False;False;False;0;0;0;-1;-1;-1
102345;M. RIZZO;238;マッシモ リッツォ;58;0;;False;False;False;False;0;0;0;-1;-1;-1
102347;P. GARCÍA;152;パブロ ガルシア;64;0;;False;False;False;False;0;0;0;-1;-1;-1
102348;P. FEHER;203;ピーダ フェヘア;65;0;;False;False;False;False;0;0;0;-1;-1;-1
102349;A. MÁRQUEZ;148;アレクシス マルケス;58;0;;False;False;False;False;0;0;0;-1;-1;-1
102356;D. SUÁREZ;148;ダビド スアレス;58;0;;False;False;False;False;0;0;0;-1;-1;-1
102362;D. MONTESINO;148;ダイロン モンテシノ;64;0;;False;False;False;False;0;0;0;-1;-1;-1
102372;L. MARTINI;144;レアンドロ マルティニ;69;0;;False;False;False;False;0;0;0;-1;-1;-1
102376;W. GUTIÉRREZ;148;ウィルソン グティエレス;67;0;;False;False;False;False;0;0;0;-1;-1;-1
102377;ABEL SEGOVIA;236;アベル セゴビア;57;0;;False;False;False;False;0;0;0;-1;-1;-1
102385;N. ERKMEN;190;ネジャティ エルクメン;67;0;;False;False;False;False;0;0;0;-1;-1;-1
102389;M. LEYE;83;エムバイェ レイェ;64;0;;False;False;False;False;0;0;0;-1;-1;-1
102390;R. DOMENECH;208;レイモン ドメネク;74;0;;False;False;False;False;0;0;0;-1;-1;-1
102395;J. HUGHES;232;ジョン ヒューズ;69;0;;False;False;False;False;0;0;0;-1;-1;-1
102398;C. FALCH;203;カーリト カルク;64;0;;False;False;False;False;0;0;0;-1;-1;-1
102402;C. BUSTOS;144;カルロス ブストス;67;0;;False;False;False;False;0;0;0;-1;-1;-1
102406;F. GAGO;144;フェルナンド ガゴ;58;0;;False;False;False;False;0;0;0;-1;-1;-1
102410;W. STILL;197;ウィリアム スティル;65;0;;False;False;False;False;0;0;0;-1;-1;-1
102411;MARTÍ CIFUENTES;236;マルティ シフエンテス;66;0;;False;False;False;False;0;0;0;-1;-1;-1
102413;A. MILLEN;232;アンドリュー ミレン;58;0;;False;False;False;False;0;0;0;-1;-1;-1
102415;EMERSON PEREIRA;146;エメルソン ペレイラ;58;0;;False;False;False;False;0;0;0;-1;-1;-1
102432;J. KENNEDY;232;ジョン ケネディ;60;0;;False;False;False;False;0;0;0;-1;-1;-1
102436;P. MALARAT;36;プラッチ マララット;60;0;;False;False;False;False;0;0;0;-1;-1;-1
102437;R. PROCUREUR;197;ロベール プロキュルー;64;0;;False;False;False;False;0;0;0;-1;-1;-1
102439;A. KELKİTLİ;190;アルペル ケルキトリ;62;0;;False;False;False;False;0;0;0;-1;-1;-1
102440;D. GRAMMOZIS;211;ディミトリオス グラモジス;74;0;;False;False;False;False;0;0;0;-1;-1;-1
102442;C. CONSTANTIN;238;クリスチャン コンスタンティン;64;0;;False;False;False;False;0;0;0;-1;-1;-1
102444;G. BURGOS;144;ヘルマン ブルゴス;58;0;;False;False;False;False;0;0;0;-1;-1;-1
102446;Ö. BİZATİ;190;エズジャン ビザティ;64;0;;False;False;False;False;0;0;0;-1;-1;-1
102455;M. WALKER;238;マルコ ウォーカー;64;0;;False;False;False;False;0;0;0;-1;-1;-1
102456;D. KRZNAR;200;ダミル クルズナル;64;0;;False;False;False;False;0;0;0;-1;-1;-1
102464;I. OLIĆ;200;イヴィツァ オリッチ;69;0;;False;False;False;False;0;0;0;-1;-1;-1
102465;S. YENSAI;36;スルワット イェンサイ;58;0;;False;False;False;False;0;0;0;-1;-1;-1
102467;K. BIDZHIEV;230;ハサンビ ビジエフ;69;0;;False;False;False;False;0;0;0;-1;-1;-1
102468;D. SASSARINI;215;ダヴィド サッサリーニ;73;0;;False;False;False;False;0;0;0;-1;-1;-1
102469;S. GLASS;232;スティーヴン グラス;69;0;;False;False;False;False;0;0;0;-1;-1;-1
102470;S. ÇERİ;190;サディ チェリ;60;0;;False;False;False;False;0;0;0;-1;-1;-1
102472;A. STUKALOV;230;アレクセイ ストゥカロフ;70;0;;False;False;False;False;0;0;0;-1;-1;-1
102476;M. DOMIZZI;215;マウリツィオ ドミッツィ;64;0;;False;False;False;False;0;0;0;-1;-1;-1
102502;Ş. ÇORLU;190;シェノル チョルル;58;0;;False;False;False;False;0;0;0;-1;-1;-1
102503;A. TANDOĞAN;190;アリ タンドーアン;66;0;;False;False;False;False;0;0;0;-1;-1;-1
131073;R. MARTÍNEZ;236;ロベルト マルティネス;84;0;;False;False;False;False;0;0;0;-1;-1;-1
131108;D. MANGIA;215;デヴィス マンジャ;68;0;;False;False;False;False;0;0;0;-1;-1;-1
131158;J. CAPARRÓS;236;ホアキン カパロス;80;0;;False;False;False;False;0;0;0;-1;-1;-1
131161;K. HJULMAND;203;カスパ ユールマン;74;0;;False;False;False;False;0;0;0;-1;-1;-1
131162;S. SOLBAKKEN;226;ストーレ ソルバッケン;77;0;;False;False;False;False;0;0;0;-1;-1;-1
131195;R. MANCINI;215;ロベルト マンチーニ;82;0;;False;False;False;False;0;0;0;-1;-1;-1
131205;J. LÖW;210;ヨアヒム レーヴ;87;0;;False;False;False;False;0;0;0;-1;-1;-1
131211;E. HAMRÉN;237;エーリク ハムレン;75;0;;False;False;False;False;0;0;0;-1;-1;-1
131212;D. DESCHAMPS;208;ディディエ デシャン;89;0;;False;False;False;False;0;0;0;-1;-1;-1
131213;V. PETKOVIĆ;198;ヴラディミル ペトコヴィッチ;82;0;;False;False;False;False;0;0;0;-1;-1;-1
131266;M. MCCARTHY;214;ミック マッカーシー;72;0;;False;False;False;False;0;0;0;-1;-1;-1
131275;Z. DALIC;200;ズラトコ ダリッチ;82;0;;False;False;False;False;0;0;0;-1;-1;-1
131344;M. O'NEILL;225;マイケル オニール;73;0;;False;False;False;False;0;0;0;-1;-1;-1
131356;W. SAGNOL;208;ウィリー サニョル;71;0;;False;False;False;False;0;0;0;-1;-1;-1
131392;I. PETEV;199;イヴァイロ ペテフ;71;0;;False;False;False;False;0;0;0;-1;-1;-1
131403;Å. HAREIDE;226;オーゲ ハレイデ;82;0;;False;False;False;False;0;0;0;-1;-1;-1
131422;R. KOEMAN;224;ロナルト クーマン;83;0;;False;False;False;False;0;0;0;-1;-1;-1
131491;LUIS ENRIQUE;236;ルイス エンリケ;86;0;;False;False;False;False;0;0;0;-1;-1;-1
131502;PAULO SOUSA;228;パウロ ソウザ;77;0;;False;False;False;False;0;0;0;-1;-1;-1
131504;F. DE BOER;224;フランク デ ブール;79;0;;False;False;False;False;0;0;0;-1;-1;-1
131587;G. DERMENDZHIEV;199;ゲオルギ デルメンジェイエフ;65;0;;False;False;False;False;0;0;0;-1;-1;-1
132400;T. AZRIA;208;トリスタン アズリア;60;0;;False;False;False;False;0;0;0;-1;-1;-1
231323;E. REJA;215;エドアルド レーヤ;80;0;;False;False;False;False;0;0;0;-1;-1;-1
231350;FERNANDO SANTOS;228;フェルナンド サントス;85;0;;False;False;False;False;0;0;0;-1;-1;-1
231532;S. CLARKE;232;スティーヴ クラーク;68;0;;False;False;False;False;0;0;0;-1;-1;-1
231739;G. DE BIASI;215;ジャンニ デ ビアージ;75;0;;False;False;False;False;0;0;0;-1;-1;-1
231740;L. LAGERBÄCK;237;ラーシュ ラゲルベック;77;0;;False;False;False;False;0;0;0;-1;-1;-1
231787;S. GÜNEŞ;190;シェノル ギュネシュ;80;0;;False;False;False;False;0;0;0;-1;-1;-1
231854;F. HADŽIBEGIĆ;198;ファルク ハジベギッチ;68;0;;False;False;False;False;0;0;0;-1;-1;-1
231933;M. RADULOVIĆ;304;ミオドラグ ラドゥロヴィッチ;71;0;;False;False;False;False;0;0;0;-1;-1;-1
232056;G. SOUTHGATE;204;ギャレス サウスゲイト;83;0;;False;False;False;False;0;0;0;-1;-1;-1
232065;S. CHERCHESOV;230;スタニスラフ チェルチェソフ;80;0;;False;False;False;False;0;0;0;-1;-1;-1
232067;J. ANDERSSON;237;ヤンネ アンデション;81;0;;False;False;False;False;0;0;0;-1;-1;-1
232068;A. SHEVCHENKO;239;アンドリー シェフチェンコ;76;0;;False;False;False;False;0;0;0;-1;-1;-1
232114;J. ŠILHAVÝ;202;ヤロスラフ シルハヴィ;75;0;;False;False;False;False;0;0;0;-1;-1;-1
232156;J. VAN 'T SCHIP;224;ジョン ファント シップ;71;0;;False;False;False;False;0;0;0;-1;-1;-1
232346;J. BRZĘCZEK;227;イェジ ブジェチェク;73;0;;False;False;False;False;0;0;0;-1;-1;-1
232458;A. VIÐARSSON;213;アルナル ヴィザルソン;59;0;;False;False;False;False;0;0;0;-1;-1;-1
232529;D. STOJKOVIĆ;303;ドラガン ストイコヴィッチ;72;0;;False;False;False;False;0;0;0;-1;-1;-1
232548;N. JURČEVIĆ;200;ニコラ ユルチェヴィッチ;69;0;;False;False;False;False;0;0;0;-1;-1;-1
232551;R. GIGGS;241;ライアン ギグス;77;0;;False;False;False;False;0;0;0;-1;-1;-1
232562;R. PROSINEČKI;200;ロベルト プロシネチキ;71;0;;False;False;False;False;0;0;0;-1;-1;-1
232563;F. FODA;210;フランコ フォーダ;75;0;;False;False;False;False;0;0;0;-1;-1;-1
232572;A. NISHINO;13;西野 朗;74;0;;False;False;False;False;0;0;0;-1;-1;-1
232875;M. KANERVA;207;マルック カネルヴァ;74;0;;False;False;False;False;0;0;0;-1;-1;-1
232878;L. TUMBAKOVIĆ;303;リュビシャ トゥンバコヴィッチ;72;0;;False;False;False;False;0;0;0;-1;-1;-1
232879;L. SCALONI;144;リオネル スカローニ;77;0;;False;False;False;False;0;0;0;-1;-1;-1
232880;KOLDO;192;コルド;70;0;;False;False;False;False;0;0;0;-1;-1;-1
232881;F. VARRELLA;215;フランコ ヴァッレッラ;67;0;;False;False;False;False;0;0;0;-1;-1;-1
232882;V. WEISS;234;ヴラディミル ヴァイス;71;0;;False;False;False;False;0;0;0;-1;-1;-1
232892;J. RIBAS;152;フリオ リバス;69;0;;False;False;False;False;0;0;0;-1;-1;-1
232894;M. ROSSI;215;マルコ ロッシ;75;0;;False;False;False;False;0;0;0;-1;-1;-1
232896;A. HERZOG;194;アンドレアス ヘルツォーク;70;0;;False;False;False;False;0;0;0;-1;-1;-1
232897;B. CHALLANDES;238;ベルナール シャランド;72;0;;False;False;False;False;0;0;0;-1;-1;-1
232898;L. HOLTZ;220;リュック ホルツ;70;0;;False;False;False;False;0;0;0;-1;-1;-1
232902;P. HAPAL;202;パヴェル ハパル;71;0;;False;False;False;False;0;0;0;-1;-1;-1
232903;I. ANGELOVSKI;221;イゴール アンジェロヴスキ;72;0;;False;False;False;False;0;0;0;-1;-1;-1
232904;R. FARRUGIA;222;ライモンド ファッルージャ;70;0;;False;False;False;False;0;0;0;-1;-1;-1
232909;L. OLSEN;203;ラース オールスン;70;0;;False;False;False;False;0;0;0;-1;-1;-1
232922;T. HÄBERLI;238;トーマス ヘベルリ;66;0;;False;False;False;False;0;0;0;-1;-1;-1
232952;H. KOLVIÐSSON;213;ヘルギ コルヴィズソン;69;0;;False;False;False;False;0;0;0;-1;-1;-1
232953;S. STOJANOVIČ;303;スラヴィシャ スタンコヴィッチ;72;0;;False;False;False;False;0;0;0;-1;-1;-1
232954;V. URBONAS;219;ヴァルダス ウルボナス;72;0;;False;False;False;False;0;0;0;-1;-1;-1
232956;M. KEK;235;マティアジュ ケク;73;0;;False;False;False;False;0;0;0;-1;-1;-1
232957;M. BÍLEK;202;ミハル ビレク;71;0;;False;False;False;False;0;0;0;-1;-1;-1
233093;N. KOSTENOGLOU;211;ニコス コステノグル;67;0;;False;False;False;False;0;0;0;-1;-1;-1
233237;M. RĂDOI;229;ミレル ラドイ;74;0;;False;False;False;False;0;0;0;-1;-1;-1
233238;K. VOOLAID;205;カレル ヴォーライト;70;0;;False;False;False;False;0;0;0;-1;-1;-1
233239;M. MARKHEL;196;ミハイル マルヘル;70;0;;False;False;False;False;0;0;0;-1;-1;-1
233240;A. KHASHMANYAN;193;アブラハム ハシュマニアン;71;0;;False;False;False;False;0;0;0;-1;-1;-1
233243;ENGIN FİRAT;190;エンギン フィラト;69;0;;False;False;False;False;0;0;0;-1;-1;-1
233245;J. WALEM;197;ヨハン ワレム;69;0;;False;False;False;False;0;0;0;-1;-1;-1
233443;D. KAZAKEVIČS;217;ダイニス カザケヴィチュ;70;0;;False;False;False;False;0;0;0;-1;-1;-1
233521;Y. PETROV;199;ヤセン ペトロフ;73;0;;False;False;False;False;0;0;0;-1;-1;-1
233522;T. BAYSUFINOV;216;タルガト バイスフィノフ;70;0;;False;False;False;False;0;0;0;-1;-1;-1
233529;Š. TARKOVIČ;234;シュテファン タルコヴィッチ;73;0;;False;False;False;False;0;0;0;-1;-1;-1
233530;W.RUTTENSTEINER;194;ヴィリ ルッテンシュタイナー;68;0;;False;False;False;False;0;0;0;-1;-1;-1
233531;I. BARACLOUGH;204;イアン バラクロフ;71;0;;False;False;False;False;0;0;0;-1;-1;-1
233532;S. KENNY;214;スティーヴン ケニー;75;0;;False;False;False;False;0;0;0;-1;-1;-1
233533;R. BORDIN;215;ロベルト ボルディン;70;0;;False;False;False;False;0;0;0;-1;-1;-1
233534;M. STOCKLASA;218;マルティン シュトックラサ;69;0;;False;False;False;False;0;0;0;-1;-1;-1
233535;H. ERICSSON;237;ホーカン エリクソン;70;0;;False;False;False;False;0;0;0;-1;-1;-1
262146;T. PICCHIA;228;チム ピッシア;80;0;;False;False;False;False;0;0;0;-1;-1;-1
262160;B. SCHMITT;208;ブリュノ シュミット;74;0;;False;False;False;False;0;0;0;-1;-1;-1
262161;A. LHERMITTE;208;アルヌール レルミット;80;0;;False;False;False;False;0;0;0;-1;-1;-1
262170;S. CALDERONI;215;シルヴィオ カルデローニ;80;0;;False;False;False;False;0;0;0;-1;-1;-1
262194;S. RAYA;236;サムエル ラジャ;84;0;;False;False;False;False;0;0;0;-1;-1;-1
262195;D. MILLESI;215;ディーノ ミッレージ;85;0;;False;False;False;False;0;0;0;-1;-1;-1
262196;C. VALBUENA;144;クリスト バルブエナ;88;0;;False;False;False;False;0;0;0;-1;-1;-1
262197;J. CARRIEDO;236;ファン ミゲル カリエド;69;0;;False;False;False;False;0;0;0;-1;-1;-1
262211;F. GRIJALVA;236;フェリウ グリハルバ;69;0;;False;False;False;False;0;0;0;-1;-1;-1
262212;B. PADIN;124;バルタサル パディン;80;0;;False;False;False;False;0;0;0;-1;-1;-1
262213;D. CULEBRAS;236;ダミア クレブラス;84;0;;False;False;False;False;0;0;0;-1;-1;-1
262215;I. MONTOYA;236;イスマエル モントーヤ;79;0;;False;False;False;False;0;0;0;-1;-1;-1
262221;O. CORTE REAL;146;オリンピオ コルテ レアル;74;0;;False;False;False;False;0;0;0;-1;-1;-1
262223;D. ARRIBAS;236;ダミア アリバス;77;0;;False;False;False;False;0;0;0;-1;-1;-1
262224;J. CERVIAN;236;ハラベ セルビアン;79;0;;False;False;False;False;0;0;0;-1;-1;-1
262226;S. BERMEJO;236;サンティ ベルメホ;81;0;;False;False;False;False;0;0;0;-1;-1;-1
262228;D. CEREZO;236;ドナルド セレソ;78;0;;False;False;False;False;0;0;0;-1;-1;-1
262231;Q. MORIEDA;236;キケ モリエーダ;74;0;;False;False;False;False;0;0;0;-1;-1;-1
262232;H. ALCAIDE;236;アリッツ アルカイデ;79;0;;False;False;False;False;0;0;0;-1;-1;-1
262235;I. COPPERWHEAT;241;アイザック コパーウィート;73;0;;False;False;False;False;0;0;0;-1;-1;-1
262236;F. CUDORENI;144;フランシスコ クアドレニ;87;0;;False;False;False;False;0;0;0;-1;-1;-1
262237;S. DORON;147;サルバ ドゥロン;82;0;;False;False;False;False;0;0;0;-1;-1;-1
262250;G. RIPA;215;ジョバンバッティスタ リーパ;87;0;;False;False;False;False;0;0;0;-1;-1;-1
262252;R. CONSOLE;215;ラフ コンソーレ;74;0;;False;False;False;False;0;0;0;-1;-1;-1
262258;J. SKAER;204;ジェイソン スケア;73;0;;False;False;False;False;0;0;0;-1;-1;-1
262259;G. SOTHERTON;225;ギネス サザートン;82;0;;False;False;False;False;0;0;0;-1;-1;-1
262268;L. BOUCHER;204;ランス バウチャー;81;0;;False;False;False;False;0;0;0;-1;-1;-1
262279;A. STIPANIC;200;アルディアン スティパニッチ;82;0;;False;False;False;False;0;0;0;-1;-1;-1
262294;E. POSTMA;224;エフェルト ヤン ポストマ;75;0;;False;False;False;False;0;0;0;-1;-1;-1
262307;G. CHAURREAU;144;ジェネ チャウレアウ;68;0;;False;False;False;False;0;0;0;-1;-1;-1
262310;J. BAYO;144;ハラベ バヨ;70;0;;False;False;False;False;0;0;0;-1;-1;-1
262316;H. CEREROLS;144;イラリオ セレロールス;68;0;;False;False;False;False;0;0;0;-1;-1;-1
262317;F. HESNAULT;208;フレデリック エスノー;75;0;;False;False;False;False;0;0;0;-1;-1;-1
262320;S. ABBOT;204;ショラ アボット;75;0;;False;False;False;False;0;0;0;-1;-1;-1
262325;R. ORBAIZ;236;ロベルト オルバイス;73;0;;False;False;False;False;0;0;0;-1;-1;-1
262326;J. GASULL;147;ハイメ ガスール;66;0;;False;False;False;False;0;0;0;-1;-1;-1
262328;A. GUIZA;236;アルフレード グイサ;71;0;;False;False;False;False;0;0;0;-1;-1;-1
262332;M. DE WIT;224;マレイン デ ウィト;71;0;;False;False;False;False;0;0;0;-1;-1;-1
262338;P. LINFOOT;214;フィリップス リンフット;72;0;;False;False;False;False;0;0;0;-1;-1;-1
262341;F. ERICE;236;フランシスコ エリセ;69;0;;False;False;False;False;0;0;0;-1;-1;-1
262342;J. ABRIL;236;フレン アブリル;76;0;;False;False;False;False;0;0;0;-1;-1;-1
262345;C. BALART;147;カルレス バラルト;68;0;;False;False;False;False;0;0;0;-1;-1;-1
262360;L. ROMAN;236;ルイス アルベルト ロマン;92;0;;False;False;False;False;0;0;0;-1;-1;-1
262362;F. GELLERT;210;フェルディナント ゲラート;79;0;;False;False;False;False;0;0;0;-1;-1;-1
262366;J. BRADSHAW;204;ジュニアス ブラッドショー;67;0;;False;False;False;False;0;0;0;-1;-1;-1
262368;F. GRIER;204;フレデリック グリアー;78;0;;False;False;False;False;0;0;0;-1;-1;-1
262371;J. CANTO;228;ジャニオ カント;82;0;;False;False;False;False;0;0;0;-1;-1;-1
262373;S. CORTE REAL;146;セルジオ コルテ レアル;69;0;;False;False;False;False;0;0;0;-1;-1;-1
262374;X. ALMEIDA;146;サンチ アルメイダ;70;0;;False;False;False;False;0;0;0;-1;-1;-1
262379;M. LAFARGE;208;マニュエル ラファージュ;71;0;;False;False;False;False;0;0;0;-1;-1;-1
262380;C. MORATINOS;236;クラウディオ モラティノス;75;0;;False;False;False;False;0;0;0;-1;-1;-1
262381;M. SAURA;236;マリオ サウラ;76;0;;False;False;False;False;0;0;0;-1;-1;-1
262383;C. HERZ;193;カール ハーツ;74;0;;False;False;False;False;0;0;0;-1;-1;-1
262386;C. VIAN;208;シャルル アンリ ヴィアン;71;0;;False;False;False;False;0;0;0;-1;-1;-1
262388;U. DE LACAILLE;208;ユルバン ド ラカーユ;74;0;;False;False;False;False;0;0;0;-1;-1;-1
262390;A. FOCH;208;アメデ エルネスト フォッシュ;66;0;;False;False;False;False;0;0;0;-1;-1;-1
262391;T. SEVRAN;208;タパニ セヴラン;73;0;;False;False;False;False;0;0;0;-1;-1;-1
262406;A. HIGNARD;208;アルフォンス イニャール;76;0;;False;False;False;False;0;0;0;-1;-1;-1
262408;L. BRAQUE;208;ルイ シャルル ブラック;62;0;;False;False;False;False;0;0;0;-1;-1;-1
262413;O. KARMONA;236;オスカル カルモナ;78;0;;False;False;False;False;0;0;0;-1;-1;-1
262416;H. BRAUN;225;ハンク ブラウン;73;0;;False;False;False;False;0;0;0;-1;-1;-1
262425;F. EIZAGUIRRE;144;フランセスク イサギーレ;82;0;;False;False;False;False;0;0;0;-1;-1;-1
262430;I. CAMINER;147;イサーク カミネル;65;0;;False;False;False;False;0;0;0;-1;-1;-1
262438;A. CAZE;208;アレクシス エマニュエル カズ;71;0;;False;False;False;False;0;0;0;-1;-1;-1
262443;C. TUNAL;236;セシリオ トゥナル;82;0;;False;False;False;False;0;0;0;-1;-1;-1
262448;J. SABINO;146;ジュリオ サビーノ;67;0;;False;False;False;False;0;0;0;-1;-1;-1
262451;P. ALBUQUERQUE;146;パウリーノ アルブケルケ;69;0;;False;False;False;False;0;0;0;-1;-1;-1
262454;E. ADLER;228;エロニウジ アドレル;70;0;;False;False;False;False;0;0;0;-1;-1;-1
262458;R. PHILBY;204;リチャード フィルビー;77;0;;False;False;False;False;0;0;0;-1;-1;-1
262462;D. ALAGIC;200;ドゥブラヴコ アラギッチ;74;0;;False;False;False;False;0;0;0;-1;-1;-1
262465;B. FIRMAN;204;バディ ファーマン;64;0;;False;False;False;False;0;0;0;-1;-1;-1
262497;F. MENDILLIBAR;236;フェリペ メンディリバル;75;0;;False;False;False;False;0;0;0;-1;-1;-1
262500;J. SPAAK;208;ジャン ダニエル スパーク;74;0;;False;False;False;False;0;0;0;-1;-1;-1
262504;A. PLANTADE;208;アントン プランタード;77;0;;False;False;False;False;0;0;0;-1;-1;-1
262507;H. THIEBAULT;208;アンリ ジョルジュ ティボー;74;0;;False;False;False;False;0;0;0;-1;-1;-1
262516;G. COCHETTI;215;ジョエル コケッティ;76;0;;False;False;False;False;0;0;0;-1;-1;-1
262522;Q. FEARON;204;クェンティン フェイロン;74;0;;False;False;False;False;0;0;0;-1;-1;-1
262525;B. FALASCA;236;ブラウリオ ファラスカ;70;0;;False;False;False;False;0;0;0;-1;-1;-1
262533;R. BARRETO;228;ハファエウ バレト;79;0;;False;False;False;False;0;0;0;-1;-1;-1
262536;Q. BISSERRIER;208;クァンタン ビザリア;80;0;;False;False;False;False;0;0;0;-1;-1;-1
262539;B. VISEDO;236;ボヤン ビセド;77;0;;False;False;False;False;0;0;0;-1;-1;-1
262540;J. LAPORTA;144;ハラベ ラポルタ;82;0;;False;False;False;False;0;0;0;-1;-1;-1
262558;B. VIVANCO;236;ベニート ビバンコ;81;0;;False;False;False;False;0;0;0;-1;-1;-1
262561;F. HELSON;204;フレイザー ヘルソン;77;0;;False;False;False;False;0;0;0;-1;-1;-1
262568;O. MANALT;236;オルランド マナルト;75;0;;False;False;False;False;0;0;0;-1;-1;-1
262574;R. AMERICANO;228;ハミロ アメリカーノ;77;0;;False;False;False;False;0;0;0;-1;-1;-1
262578;J. DE NEBRA;236;ホセップ デ ネブラ;69;0;;False;False;False;False;0;0;0;-1;-1;-1
262599;A. MAAS;224;アレント ヤン マース;74;0;;False;False;False;False;0;0;0;-1;-1;-1
262615;B. MANE;146;ベント マネ;79;0;;False;False;False;False;0;0;0;-1;-1;-1
262625;X. BELLO;144;シャビィ ベーリョ;70;0;;False;False;False;False;0;0;0;-1;-1;-1
262630;V. ATTIA;208;ヴィルジール アッティア;69;0;;False;False;False;False;0;0;0;-1;-1;-1
262645;G. DUNLOP;204;ジョージー ダンロップ;78;0;;False;False;False;False;0;0;0;-1;-1;-1
262657;A. VALERO;236;アルフォンソ バレーロ;74;0;;False;False;False;False;0;0;0;-1;-1;-1
262662;F. NORONHA;146;フェルナンド ノローニャ;69;0;;False;False;False;False;0;0;0;-1;-1;-1
262665;O. HENRIQUES;146;オリンピオ エンリケス;69;0;;False;False;False;False;0;0;0;-1;-1;-1
263190;A. BARAJA;144;アルベルト バラハ;59;0;;False;False;False;False;0;0;0;-1;-1;-1
263318;B. STIMAC;200;ボダシュカ シュティマツ;60;0;;False;False;False;False;0;0;0;-1;-1;-1
263319;J. MIKIC;200;ユリッチ ミキッチ;60;0;;False;False;False;False;0;0;0;-1;-1;-1
263323;P. KASURINEN;207;パシ カスリネン;69;0;;False;False;False;False;0;0;0;-1;-1;-1
263372;R. NUNEZ;149;ロドルフォ ヌニェス;60;0;;False;False;False;False;0;0;0;-1;-1;-1
263380;E. CHAUCER;204;エルバート チョーサー;59;0;;False;False;False;False;0;0;0;-1;-1;-1
263397;A. HANSSON;204;アルダス ハンセン;60;0;;False;False;False;False;0;0;0;-1;-1;-1
263398;S. RIBLON;208;シルヴァン リブロン;60;0;;False;False;False;False;0;0;0;-1;-1;-1
263401;E. ABBACK;208;エタン アバック;60;0;;False;False;False;False;0;0;0;-1;-1;-1
263402;M. DUTRUEL;208;マニュエル デュトルエル;60;0;;False;False;False;False;0;0;0;-1;-1;-1
263406;M. COMAS;208;マティアス コマス;59;0;;False;False;False;False;0;0;0;-1;-1;-1
264361;E. AAEN;203;エドヴァルド オーエン;60;0;;False;False;False;False;0;0;0;-1;-1;-1
264362;G. BROADBENT;204;ゴライアス ブロードベント;60;0;;False;False;False;False;0;0;0;-1;-1;-1
264379;N. BERLIN;230;ナルヴィク バーリン;60;0;;False;False;False;False;0;0;0;-1;-1;-1
264388;R. ARMANDOZ;236;ラモン アルマンドス;59;0;;False;False;False;False;0;0;0;-1;-1;-1
264392;J. SOUSA;236;ファン セバスティアン ソウサ;65;0;;False;False;False;False;0;0;0;-1;-1;-1
264393;N. CLOS;236;ニカノール クロ;65;0;;False;False;False;False;0;0;0;-1;-1;-1
264394;J. MOZO;236;ホセ エミリオ モゾ;65;0;;False;False;False;False;0;0;0;-1;-1;-1
264395;J. NOZAL;236;ホセチョ ノサル;64;0;;False;False;False;False;0;0;0;-1;-1;-1
264426;J. ALBERTZ;238;ヤン インクヴァー アルベルツ;65;0;;False;False;False;False;0;0;0;-1;-1;-1
264427;I. VIETORIS;238;イルミン フィートリス;65;0;;False;False;False;False;0;0;0;-1;-1;-1
264498;A. JONATHAN;144;アルフレード ヨナサン;65;0;;False;False;False;False;0;0;0;-1;-1;-1
264502;K. YANEV;199;コスタ ヤネフ;65;0;;False;False;False;False;0;0;0;-1;-1;-1
264503;D. PRIMORAC;200;ディムトルス プリモラツ;65;0;;False;False;False;False;0;0;0;-1;-1;-1
264506;O. LIND;203;オラフ リンド;65;0;;False;False;False;False;0;0;0;-1;-1;-1
264507;S. HOLE;204;セス ホール;65;0;;False;False;False;False;0;0;0;-1;-1;-1
264514;A. GISSI;215;アキーレ ジッシ;65;0;;False;False;False;False;0;0;0;-1;-1;-1
264516;T. MURAVYOV;230;ティホン ムラヴィヨフ;65;0;;False;False;False;False;0;0;0;-1;-1;-1
264530;H. VALERA;144;アリッツ バレラ;65;0;;False;False;False;False;0;0;0;-1;-1;-1
264543;P. CLAUSEN;203;パウル クラウセン;65;0;;False;False;False;False;0;0;0;-1;-1;-1
264544;E. CAGE;204;エドガー ケージ;65;0;;False;False;False;False;0;0;0;-1;-1;-1
264549;M. GIBELLI;215;ミケランジェロ ジベッリ;65;0;;False;False;False;False;0;0;0;-1;-1;-1
264577;G. MANFROCE;215;ガスパロ マンフローチェ;65;0;;False;False;False;False;0;0;0;-1;-1;-1
264604;L. POLITO;215;リベンツィオ ポリート;65;0;;False;False;False;False;0;0;0;-1;-1;-1
266246;L. MEDEIROS;228;ラウレンソ メデイロス;75;0;;False;False;False;False;0;0;0;-1;-1;-1
362145;F. MERLIN;215;フィオレンツォ メルリン;65;0;;False;False;False;False;0;0;0;-1;-1;-1
362146;W. BURGOYNE;204;ウィルバー バーゴイン;64;0;;False;False;False;False;0;0;0;-1;-1;-1
362169;G. LOHNER;210;ゴットヒルフ レーナー;64;0;;False;False;False;False;0;0;0;-1;-1;-1
362170;C. HEINRICI;210;クリストフ ハインリツィ;65;0;;False;False;False;False;0;0;0;-1;-1;-1
362171;Z. RIVAS;121;ゾラン リバス;64;0;;False;False;False;False;0;0;0;-1;-1;-1
362172;S. DUNN;135;シド ダン;65;0;;False;False;False;False;0;0;0;-1;-1;-1
362173;M. JAWDAT;58;マジド ジャウダト;64;0;;False;False;False;False;0;0;0;-1;-1;-1
362174;H. GAFFAR;76;ハミド ガッファル;65;0;;False;False;False;False;0;0;0;-1;-1;-1
362175;R. BIN TALAT;92;ラヒム ビン タラト;65;0;;False;False;False;False;0;0;0;-1;-1;-1
362176;G. BEDSON;110;ガブリエル ベドソン;65;0;;False;False;False;False;0;0;0;-1;-1;-1
362177;A. GOODMAN;135;アンドリューズ グッドマン;64;0;;False;False;False;False;0;0;0;-1;-1;-1
362178;H. BARBER;204;ハムレット バーバー;64;0;;False;False;False;False;0;0;0;-1;-1;-1
362179;G. MASSO;144;ヒルベルト マッソ;64;0;;False;False;False;False;0;0;0;-1;-1;-1
362180;H. LATIF;44;ホセイン ラティフ;65;0;;False;False;False;False;0;0;0;-1;-1;-1
362181;G. LAFARGE;208;ジェルヴェ ラファージュ;65;0;;False;False;False;False;0;0;0;-1;-1;-1
362182;J. COHEN;50;ジャン アントワーヌ コーエン;64;0;;False;False;False;False;0;0;0;-1;-1;-1
362183;J. VAN DER BERG;224;ユリーン ファン デル ベルク;65;0;;False;False;False;False;0;0;0;-1;-1;-1
362184;O. MUSTAFA;124;オルランド ムスタファ;65;0;;False;False;False;False;0;0;0;-1;-1;-1
362185;H. TAHA;76;ヘイダル タハ;64;0;;False;False;False;False;0;0;0;-1;-1;-1
362186;E. CURBELO;144;エリアス クルベロ;64;0;;False;False;False;False;0;0;0;-1;-1;-1
362187;H. GARANGER;83;アンリ ギャランジェ;65;0;;False;False;False;False;0;0;0;-1;-1;-1
362188;G. SCHONBERG;208;グレゴリー シェーンベルグ;65;0;;False;False;False;False;0;0;0;-1;-1;-1
362189;A. MILHAUD;91;オーレリー ミヨー;64;0;;False;False;False;False;0;0;0;-1;-1;-1
362190;J. HEROLD;208;ジャン ジョゼフ エロルド;65;0;;False;False;False;False;0;0;0;-1;-1;-1
362191;R. STOWE;64;ロッド ストー;64;0;;False;False;False;False;0;0;0;-1;-1;-1
362192;J. SANBEL;152;ホセ イグナシオ サンベール;64;0;;False;False;False;False;0;0;0;-1;-1;-1
362193;Y. LANSIO;208;ヤン レンショー;65;0;;False;False;False;False;0;0;0;-1;-1;-1
362194;G. ALLIOT MARIE;65;ガエル アリヨ マリー;65;0;;False;False;False;False;0;0;0;-1;-1;-1
362195;T. ABDAL WAHAB;44;タヘル アブダル ワハブ;65;0;;False;False;False;False;0;0;0;-1;-1;-1
362196;R. FEREZ;73;ロベール フェレ;65;0;;False;False;False;False;0;0;0;-1;-1;-1
362197;J. BRAQUE;208;ジャン シャルル ブラック;65;0;;False;False;False;False;0;0;0;-1;-1;-1
362198;A. HUGUENET;83;アルテュール ユーグネー;64;0;;False;False;False;False;0;0;0;-1;-1;-1
362199;F. LUSARRETA;151;フェリペ ルサレタ;64;0;;False;False;False;False;0;0;0;-1;-1;-1
362200;F. CARMENA;150;フェデリコ カルメナ;65;0;;False;False;False;False;0;0;0;-1;-1;-1
362201;A. FOUAD;92;アクバル フアド;65;0;;False;False;False;False;0;0;0;-1;-1;-1
362202;J. GRIGNON;149;ホセップ グリニョン;65;0;;False;False;False;False;0;0;0;-1;-1;-1
362203;F. ULLOA;144;フェリプ ウロア;65;0;;False;False;False;False;0;0;0;-1;-1;-1
362204;A. CORRADINI;215;アレッサンドロ コッラディーニ;64;0;;False;False;False;False;0;0;0;-1;-1;-1
362205;J. LLOBET;144;ホセバ リョベット;65;0;;False;False;False;False;0;0;0;-1;-1;-1
362206;D. FANUCCI;215;ダンテ ファヌッチ;65;0;;False;False;False;False;0;0;0;-1;-1;-1
362207;A. BEITIA;145;アマンシオ ベイティア;64;0;;False;False;False;False;0;0;0;-1;-1;-1
362208;F. SORDO;144;フェレ ソルド;65;0;;False;False;False;False;0;0;0;-1;-1;-1
362209;G. CASANOVA;153;ガブリエル カサノバ;65;0;;False;False;False;False;0;0;0;-1;-1;-1
362210;P. EVANI;215;ピノ エヴァーニ;65;0;;False;False;False;False;0;0;0;-1;-1;-1
362211;S. DEMY;215;サロ デミー;65;0;;False;False;False;False;0;0;0;-1;-1;-1
362212;M. ALKORTA;148;マリアーノ アルコルタ;65;0;;False;False;False;False;0;0;0;-1;-1;-1
362213;V. CHESSARI;215;ヴァレンティーノ チェッサーリ;64;0;;False;False;False;False;0;0;0;-1;-1;-1
362214;J. ESCOLAR;128;ハコモ エスコラ;65;0;;False;False;False;False;0;0;0;-1;-1;-1
362215;M. ESLAVA;144;メルチョー エスラーバ;64;0;;False;False;False;False;0;0;0;-1;-1;-1
362216;M. GARBAJOSA;121;マノロ ガルバホサ;64;0;;False;False;False;False;0;0;0;-1;-1;-1
362217;A. HOMAR;144;アチェロ オマー;65;0;;False;False;False;False;0;0;0;-1;-1;-1
362218;A. MANCIA;215;アリーゴ マンチャ;65;0;;False;False;False;False;0;0;0;-1;-1;-1
362219;A. MONTEIRO;147;アグスティン モンティロ;65;0;;False;False;False;False;0;0;0;-1;-1;-1
362220;G. SOMMESE;215;ジュリオ ソンメーゼ;65;0;;False;False;False;False;0;0;0;-1;-1;-1
362221;I. SAN JUAN;151;イスラエル サン ファン;64;0;;False;False;False;False;0;0;0;-1;-1;-1
362222;A. PACE;215;アンブロージョ パーチェ;65;0;;False;False;False;False;0;0;0;-1;-1;-1
362223;S. WEINDLER;144;セバスティアン バインドラー;64;0;;False;False;False;False;0;0;0;-1;-1;-1
362224;T. URTUBIA;149;トミー ウルツビア;65;0;;False;False;False;False;0;0;0;-1;-1;-1
362225;O. REVERTE;152;オレゲール レヴェルト;64;0;;False;False;False;False;0;0;0;-1;-1;-1
362226;O. SCHLACK;194;オラフ シュラック;65;0;;False;False;False;False;0;0;0;-1;-1;-1
362227;C. DE LEEUW;224;コルスティアーン デ レーウ;65;0;;False;False;False;False;0;0;0;-1;-1;-1
362228;I. HEPPNER;210;イマヌエル ヘプナー;64;0;;False;False;False;False;0;0;0;-1;-1;-1
362245;B. KERPEN;210;バプティスト ケルペン;65;0;;False;False;False;False;0;0;0;-1;-1;-1
362247;R. TOMAS;153;ロベルト トマス;65;0;;False;False;False;False;0;0;0;-1;-1;-1
362248;H. SCHOBER;210;ハイニ ショーバー;64;0;;False;False;False;False;0;0;0;-1;-1;-1
362249;P. VAN DER POL;197;パウルセン ファン デル ポル;65;0;;False;False;False;False;0;0;0;-1;-1;-1
362250;G. HERMANS;224;ヘ ヘルマンス;64;0;;False;False;False;False;0;0;0;-1;-1;-1
362251;C. DUENAS;112;クリストバル ドゥエニャス;64;0;;False;False;False;False;0;0;0;-1;-1;-1
362252;A. OESER;210;アルベリヒ エーザー;65;0;;False;False;False;False;0;0;0;-1;-1;-1
362253;T. MAAS;224;テオドール マース;65;0;;False;False;False;False;0;0;0;-1;-1;-1
362254;F. BECKE;194;フランク ベック;65;0;;False;False;False;False;0;0;0;-1;-1;-1
362255;G. BOSMAN;224;ハリト ボスマン;64;0;;False;False;False;False;0;0;0;-1;-1;-1
362256;Q. PISADOR;147;キケ ピサドール;65;0;;False;False;False;False;0;0;0;-1;-1;-1
362257;T. MOLENAAR;224;テイメ モレナール;65;0;;False;False;False;False;0;0;0;-1;-1;-1
362258;D. EVERS;197;デフォス エフェルス;64;0;;False;False;False;False;0;0;0;-1;-1;-1
362259;K. HOFMAN;224;コルネール ホフマン;64;0;;False;False;False;False;0;0;0;-1;-1;-1
362260;R. HENRIKSEN;203;ラスムス ヘンリクセン;65;0;;False;False;False;False;0;0;0;-1;-1;-1
362261;J. DIJKSTRA;224;ユステン デイクストラ;65;0;;False;False;False;False;0;0;0;-1;-1;-1
362262;M. HOLMKVIST;237;ミーケル ホルムクヴィスト;65;0;;False;False;False;False;0;0;0;-1;-1;-1
362263;I. BAKKER;224;イワン バッケル;64;0;;False;False;False;False;0;0;0;-1;-1;-1
362264;J. LOVECRAFT;226;ジョセリン ラヴクラフト;64;0;;False;False;False;False;0;0;0;-1;-1;-1
362265;Q. DRIESSEN;224;クエレイン ドリーセン;65;0;;False;False;False;False;0;0;0;-1;-1;-1
362266;J. KISSINGER;227;ジョセフ キッシンジャー;65;0;;False;False;False;False;0;0;0;-1;-1;-1
362268;O. SPEIDEL;194;オトフリート スペイデル;64;0;;False;False;False;False;0;0;0;-1;-1;-1
362272;C. ORBAIZ;144;セレドニオ オルバイス;65;0;;False;False;False;False;0;0;0;-1;-1;-1
362273;G. DE LA PENA;153;ジェネ デ ラ ペーニャ;65;0;;False;False;False;False;0;0;0;-1;-1;-1
362274;H. PALAU;151;アリッツ パラウ;65;0;;False;False;False;False;0;0;0;-1;-1;-1
362276;L. OTANO;145;ルーカス オターニョ;64;0;;False;False;False;False;0;0;0;-1;-1;-1
362279;F. WYNESS;204;フィオン ワイネス;65;0;;False;False;False;False;0;0;0;-1;-1;-1
362281;S. RANDALL;144;ソロモン ランドール;65;0;;False;False;False;False;0;0;0;-1;-1;-1
362283;J. GILLAN;11;ジョナス ギラン;65;0;;False;False;False;False;0;0;0;-1;-1;-1
362291;O. KNIGHT;204;オーランド ナイト;66;0;;False;False;False;False;0;0;0;-1;-1;-1
362292;D. BENNION;214;ダンカン ベニオン;76;0;;False;False;False;False;0;0;0;-1;-1;-1
362306;A. SALES;152;アドリア サレス;75;0;;False;False;False;False;0;0;0;-1;-1;-1
362312;P. MARTENS;224;ピム マルテンス;75;0;;False;False;False;False;0;0;0;-1;-1;-1
362313;L. EVERS;224;ラウレンス エフェルス;70;0;;False;False;False;False;0;0;0;-1;-1;-1
362319;D. BANOVIC;303;ディンコ バノヴィッチ;74;0;;False;False;False;False;0;0;0;-1;-1;-1
362320;E. GREENING;232;エゴン グリーニング;74;0;;False;False;False;False;0;0;0;-1;-1;-1
362321;E. CEREZO;236;エドゥアルド セレソ;74;0;;False;False;False;False;0;0;0;-1;-1;-1
362336;A. MANA;144;アベル マニャー;74;0;;False;False;False;False;0;0;0;-1;-1;-1
362342;R. HUISMAN;224;リデル ハイスマン;80;0;;False;False;False;False;0;0;0;-1;-1;-1
362346;B. HEARN;204;バーナビー ハーン;67;0;;False;False;False;False;0;0;0;-1;-1;-1
362350;D. BARAONA;236;ドナルド バラオーナ;67;0;;False;False;False;False;0;0;0;-1;-1;-1
362365;M. BERNIER;208;マルタン ピエール ベルニエ;64;0;;False;False;False;False;0;0;0;-1;-1;-1
362368;T. MATLOCK;204;テッド マットロック;64;0;;False;False;False;False;0;0;0;-1;-1;-1
362369;O. MANRIQUE;236;オスキツ マンリケ;66;0;;False;False;False;False;0;0;0;-1;-1;-1
362370;O. ANTIA;236;オズバルド アンティア;66;0;;False;False;False;False;0;0;0;-1;-1;-1
362379;L. BRADSHAW;204;ルロイ ブラッドショー;67;0;;False;False;False;False;0;0;0;-1;-1;-1
362381;G. HENRIQUES;228;グスタヴォ エンリケス;87;0;;False;False;False;False;0;0;0;-1;-1;-1
362384;N. PECIKOZA;198;ネボイシャ ペツィコザ;72;0;;False;False;False;False;0;0;0;-1;-1;-1
362386;M. POST;224;マルト ヤン ポスト;70;0;;False;False;False;False;0;0;0;-1;-1;-1
362407;A. RAUZZINI;215;アンセルモ ラウッツィーニ;76;0;;False;False;False;False;0;0;0;-1;-1;-1
362417;G. MOLENAAR;224;ヘールテン モレナール;68;0;;False;False;False;False;0;0;0;-1;-1;-1
362439;D. PONCELET;208;ジブリル ポンスレ;69;0;;False;False;False;False;0;0;0;-1;-1;-1
362454;Z. GARRETA;147;スハイツ ガレータ;70;0;;False;False;False;False;0;0;0;-1;-1;-1
362456;W. PRYCE;204;ワット プライス;68;0;;False;False;False;False;0;0;0;-1;-1;-1
362512;M. VALLES;236;マノロ バジェス;69;0;;False;False;False;False;0;0;0;-1;-1;-1
362546;R. SPARKEN;208;ルネ スパーケン;65;0;;False;False;False;False;0;0;0;-1;-1;-1
362552;M. BROCA;144;メルチョー ブロカ;69;0;;False;False;False;False;0;0;0;-1;-1;-1
362560;B. ZUNZUNEGUI;144;ベネディクト スンスネーギ;69;0;;False;False;False;False;0;0;0;-1;-1;-1
362565;G. JORQUERA;236;ゴンサロ ジョルケーラ;76;0;;False;False;False;False;0;0;0;-1;-1;-1
362588;G. TAULER;147;ヘルマン タウレル;65;0;;False;False;False;False;0;0;0;-1;-1;-1
362618;E. LARROUSSE;208;エジット ラルース;73;0;;False;False;False;False;0;0;0;-1;-1;-1
362620;B. NOLAN;208;バプティスト ノラン;70;0;;False;False;False;False;0;0;0;-1;-1;-1
362629;B. DANTAS;146;ベント ダンタス;69;0;;False;False;False;False;0;0;0;-1;-1;-1
362634;H. PETERS;224;フーク ペテルス;66;0;;False;False;False;False;0;0;0;-1;-1;-1
362635;A. REKARTE;236;アマンド レカルテ;75;0;;False;False;False;False;0;0;0;-1;-1;-1
362680;G. BARTUAL;236;ガロ バルトゥアル;60;0;;False;False;False;False;0;0;0;-1;-1;-1
362693;D. FOGUES;147;ドナルド フォゲス;65;0;;False;False;False;False;0;0;0;-1;-1;-1
362715;A. YANEZ;236;アルフレード ヤーニェス;67;0;;False;False;False;False;0;0;0;-1;-1;-1
362727;L. OLIVE;147;ルーカス オリーブ;67;0;;False;False;False;False;0;0;0;-1;-1;-1
362738;B. STANLEY;232;ビヴァリー スタンリー;67;0;;False;False;False;False;0;0;0;-1;-1;-1
362742;A. BOYER;208;アルフォンス ボワイエ;65;0;;False;False;False;False;0;0;0;-1;-1;-1
362746;O. EZQUERRO;236;オスカル エスケーロ;75;0;;False;False;False;False;0;0;0;-1;-1;-1
362791;T. GOIOS;146;トリスタン ゴイオス;72;0;;False;False;False;False;0;0;0;-1;-1;-1
362793;R. MALAFAIA;146;ホドリゴ マラファイア;68;0;;False;False;False;False;0;0;0;-1;-1;-1
362803;R. POSSUELO;146;フイ ポスエロ;65;0;;False;False;False;False;0;0;0;-1;-1;-1
362808;E. PERES;146;エドゥアルテ ペレス;65;0;;False;False;False;False;0;0;0;-1;-1;-1
362831;J. GOUBLIER;208;ジャック マリー グーブリエ;65;0;;False;False;False;False;0;0;0;-1;-1;-1
362832;E. CARCANI;215;エミーリオ カルカーニ;66;0;;False;False;False;False;0;0;0;-1;-1;-1
362834;P. BOER;224;ピーチェ ブール;83;0;;False;False;False;False;0;0;0;-1;-1;-1
362835;S. MAAS;224;シルフェイン マース;71;0;;False;False;False;False;0;0;0;-1;-1;-1
362843;G. ALMUNIA;236;ガロ アルムニア;65;0;;False;False;False;False;0;0;0;-1;-1;-1
362861;M. KUIJPERS;224;メレイン カイペルス;63;0;;False;False;False;False;0;0;0;-1;-1;-1
362862;R. TAMUDO;144;ロベルト タムード;61;0;;False;False;False;False;0;0;0;-1;-1;-1
362877;O. RUANO;147;オルランド ルアノ;64;0;;False;False;False;False;0;0;0;-1;-1;-1
362879;N. CARMENA;147;ニカノール カルメナ;65;0;;False;False;False;False;0;0;0;-1;-1;-1
362884;Y. GRIMAULT;208;ヨアン グリモー;90;0;;False;False;False;False;0;0;0;-1;-1;-1
362886;P. SEGUELA;208;ピエール アレクシス セグエラ;73;0;;False;False;False;False;0;0;0;-1;-1;-1
362888;C. TIBERI;208;シャルル ルイ ティベリ;76;0;;False;False;False;False;0;0;0;-1;-1;-1
362893;A. TERZIAN;208;アメデ エルネスト テルジアン;72;0;;False;False;False;False;0;0;0;-1;-1;-1
362894;F. POUSSIN;208;フローラン プッサン;70;0;;False;False;False;False;0;0;0;-1;-1;-1
362895;G. ZEITZLER;210;ゲールノート ツァイツラー;92;0;;False;False;False;False;0;0;0;-1;-1;-1
362898;C. MACELLARI;215;セレスティーノ マチェラーリ;76;0;;False;False;False;False;0;0;0;-1;-1;-1
362904;B. DE LEEUW;224;バルト ヤン デ レーウ;69;0;;False;False;False;False;0;0;0;-1;-1;-1
362906;F. AZKORRA;236;ファウスト アスコラ;68;0;;False;False;False;False;0;0;0;-1;-1;-1
362909;I. CORRALES;236;イボ コラーレス;67;0;;False;False;False;False;0;0;0;-1;-1;-1
362940;M. CODINA;144;マルセリノ コディーナ;71;0;;False;False;False;False;0;0;0;-1;-1;-1
362962;M. PREUSS;210;モリッツ プロイス;86;0;;False;False;False;False;0;0;0;-1;-1;-1
362979;P. SAINT AMANS;208;ポーロ サン アマン;73;0;;False;False;False;False;0;0;0;-1;-1;-1
362980;V. LYNES;204;ヴィヴィアン ラインズ;66;0;;False;False;False;False;0;0;0;-1;-1;-1
362983;F. BITENCOURT;146;フェルナンド ビテンコウト;75;0;;False;False;False;False;0;0;0;-1;-1;-1
363030;A. RIVELLI;215;アントニーノ リヴェリ;69;0;;False;False;False;False;0;0;0;-1;-1;-1
363031;S. RANOGAJEC;304;スラヴェン ラノガイェツ;70;0;;False;False;False;False;0;0;0;-1;-1;-1
363041;M. ZIMERAY;208;ミカエル ジムレ;74;0;;False;False;False;False;0;0;0;-1;-1;-1
363053;X. PENELLA;236;シャビエル ペネーリャ;76;0;;False;False;False;False;0;0;0;-1;-1;-1
363054;M. ABREU;146;ミゲウ アブレウ;78;0;;False;False;False;False;0;0;0;-1;-1;-1
363060;F. AZEDO;146;ファビアーノ アゼド;69;0;;False;False;False;False;0;0;0;-1;-1;-1
363063;A. LECAILLON;208;アルノルフ ルカリヨン;65;0;;False;False;False;False;0;0;0;-1;-1;-1
363078;J. HOPKINS;204;ジャクソン ホプキンス;63;0;;False;False;False;False;0;0;0;-1;-1;-1
363084;F. ABOIM;146;ファビオ アボイム;69;0;;False;False;False;False;0;0;0;-1;-1;-1
363095;C. DE GROOTE;208;シャルル ルイ ド グロート;75;0;;False;False;False;False;0;0;0;-1;-1;-1
363097;F. GENE;236;フラン ジェネ;71;0;;False;False;False;False;0;0;0;-1;-1;-1
363100;A. MARINHO;146;アマンヂオ マリーニョ;62;0;;False;False;False;False;0;0;0;-1;-1;-1
363102;L. MYERS;236;レオン ミエルス;67;0;;False;False;False;False;0;0;0;-1;-1;-1
363156;D. MCCORMICK;204;ドゥエイン マコーミック;75;0;;False;False;False;False;0;0;0;-1;-1;-1
363170;L. VAN VEEN;224;ラース ファン フェーン;64;0;;False;False;False;False;0;0;0;-1;-1;-1
363181;W. KOCH;194;ヴェルンヘル コッホ;82;0;;False;False;False;False;0;0;0;-1;-1;-1
363187;J. RUDEKOVIC;303;ヨシップ ルデコヴィッチ;70;0;;False;False;False;False;0;0;0;-1;-1;-1
363193;F. OUDOREADO;236;フローレス オウドリード;68;0;;False;False;False;False;0;0;0;-1;-1;-1
363216;T. ARAGON;144;トニ アラゴン;65;0;;False;False;False;False;0;0;0;-1;-1;-1
363218;A. UHDE;210;アポロニウス ウーデ;74;0;;False;False;False;False;0;0;0;-1;-1;-1
363236;I. MENGUAL;236;イボ メングアル;66;0;;False;False;False;False;0;0;0;-1;-1;-1
363246;V. MIRAMONTES;147;バレンティン ミラモンテス;64;0;;False;False;False;False;0;0;0;-1;-1;-1
363251;N. COLLONVILLE;208;ニルス コロンヴィル;64;0;;False;False;False;False;0;0;0;-1;-1;-1
363258;E. BRETON;236;エラディオ ブレトン;79;0;;False;False;False;False;0;0;0;-1;-1;-1
363262;S. PABLO;236;セテ パブロ;64;0;;False;False;False;False;0;0;0;-1;-1;-1
363266;N. AMATRIAN;147;ニカノール アマトリアン;67;0;;False;False;False;False;0;0;0;-1;-1;-1
363276;E. PIRES;146;エスタクイオ ピレス;73;0;;False;False;False;False;0;0;0;-1;-1;-1
363289;M. HENDRIKS;224;マネス ヘンドリクス;70;0;;False;False;False;False;0;0;0;-1;-1;-1
363291;E. WALSH;146;エロニウジ ワウシ;69;0;;False;False;False;False;0;0;0;-1;-1;-1
363293;B. ARCA;146;ブリジド アルカ;72;0;;False;False;False;False;0;0;0;-1;-1;-1
363303;S. ANDRADE;146;セバスチャン アンドラージ;67;0;;False;False;False;False;0;0;0;-1;-1;-1
363315;E. ALBERTONI;228;エウリコ アルベルトニ;71;0;;False;False;False;False;0;0;0;-1;-1;-1
363375;N. FITZHERBERT;204;ネヴィル フィッツヘルベルト;69;0;;False;False;False;False;0;0;0;-1;-1;-1
363451;T. FIGUEIRA;146;トゥブルシオ フィゲイラ;66;0;;False;False;False;False;0;0;0;-1;-1;-1
363487;A. ZERBINI;146;アナスタシオ ゼルビーニ;68;0;;False;False;False;False;0;0;0;-1;-1;-1
363573;F. BENZALI;146;フェルナンド ベンザリ;65;0;;False;False;False;False;0;0;0;-1;-1;-1
363643;J. SUMMERSKILL;122;ジュリアス サマースキル;67;0;;False;False;False;False;0;0;0;-1;-1;-1
363646;C. BERRY;208;カジミール ベリ;69;0;;False;False;False;False;0;0;0;-1;-1;-1
363648;B. GROEN;224;バウデウェイン フルーン;68;0;;False;False;False;False;0;0;0;-1;-1;-1
363651;I. RUFETE;236;イバン ルフェテ;70;0;;False;False;False;False;0;0;0;-1;-1;-1
363652;V. SEMLER;146;ヴィクトル セムレル;69;0;;False;False;False;False;0;0;0;-1;-1;-1
363675;F. CANDEILLE;208;フェリクス ジャン カンデイユ;63;0;;False;False;False;False;0;0;0;-1;-1;-1
363695;J. POLONIO;236;ホセ ビセンテ ポローニオ;67;0;;False;False;False;False;0;0;0;-1;-1;-1
363713;D. SIDWELL;204;ダグラス シドウェル;67;0;;False;False;False;False;0;0;0;-1;-1;-1
363714;T. MULDER;224;テウン ムルデル;70;0;;False;False;False;False;0;0;0;-1;-1;-1
363743;N. RIED;204;ナット リード;79;0;;False;False;False;False;0;0;0;-1;-1;-1
363750;L. GABILONDO;144;リパティン ガビロンド;69;0;;False;False;False;False;0;0;0;-1;-1;-1
363755;C. DELAIR;208;シャルル ドレール;76;0;;False;False;False;False;0;0;0;-1;-1;-1
363777;Q. TIMMERMANS;224;カインテイン ティメルマンス;70;0;;False;False;False;False;0;0;0;-1;-1;-1
363787;R. NICOLAI;210;ロマン ニコライ;73;0;;False;False;False;False;0;0;0;-1;-1;-1
363789;F. SCHOLTEN;224;フロレンテイン スホルテン;73;0;;False;False;False;False;0;0;0;-1;-1;-1
363839;R. SOERENSEN;203;レガル セーレンセン;70;0;;False;False;False;False;0;0;0;-1;-1;-1
363904;Y. COSME;144;ジョルディ コスメ;66;0;;False;False;False;False;0;0;0;-1;-1;-1
363912;T. PERRAULT;208;トム ペロー;72;0;;False;False;False;False;0;0;0;-1;-1;-1
363913;F. PERNET;83;フランソワ ペルネ;65;0;;False;False;False;False;0;0;0;-1;-1;-1
363927;Z. MILIBAND;241;ズリエル ミリバンド;68;0;;False;False;False;False;0;0;0;-1;-1;-1
363931;J. NAZON;208;ジャン モーリス ナゾン;69;0;;False;False;False;False;0;0;0;-1;-1;-1
363938;F. BRUDIEU;236;フラン ブルディエウ;68;0;;False;False;False;False;0;0;0;-1;-1;-1
363940;Z. DE BARROS;146;ズンビ ジ バホス;68;0;;False;False;False;False;0;0;0;-1;-1;-1
363943;Z. TOLEDO;146;ゾリオン トレド;65;0;;False;False;False;False;0;0;0;-1;-1;-1
363945;M. TORTOLERO;236;モイセス トルトレロ;67;0;;False;False;False;False;0;0;0;-1;-1;-1
363996;J. AYTON;204;ジョセフ エイトン;75;0;;False;False;False;False;0;0;0;-1;-1;-1
364009;H. VALES;236;アリッツ バレス;70;0;;False;False;False;False;0;0;0;-1;-1;-1
364038;O. RIMONTE;144;オスカル リモンテ;66;0;;False;False;False;False;0;0;0;-1;-1;-1
364039;F. PELEGRI;236;フォンシ ペレグリ;64;0;;False;False;False;False;0;0;0;-1;-1;-1
364042;R. VALES;147;ロルダン バレス;69;0;;False;False;False;False;0;0;0;-1;-1;-1
364046;D. MAAS;224;ダエン マース;71;0;;False;False;False;False;0;0;0;-1;-1;-1
364048;C. DINIZ;146;カルロス ジニス;66;0;;False;False;False;False;0;0;0;-1;-1;-1
364050;A. JABOR;146;アミル ジャボル;69;0;;False;False;False;False;0;0;0;-1;-1;-1
364073;J. FLAMSTEED;204;ジェロボーム フラムスティード;63;0;;False;False;False;False;0;0;0;-1;-1;-1
364077;F. PORTILLE;236;フォンシ ポルティージェ;65;0;;False;False;False;False;0;0;0;-1;-1;-1
364078;C. SALDIEZ;236;カシミーロ サルディエス;65;0;;False;False;False;False;0;0;0;-1;-1;-1
364085;A. ZIAD;92;アナス ジアド;65;0;;False;False;False;False;0;0;0;-1;-1;-1
364100;B. CORONADO;236;ベルナルド コロナド;66;0;;False;False;False;False;0;0;0;-1;-1;-1
364101;L. NOZAL;236;ルイス ペレス ノサル;66;0;;False;False;False;False;0;0;0;-1;-1;-1
364114;T. MARCONE;228;タンクレド マルコーニ;65;0;;False;False;False;False;0;0;0;-1;-1;-1
364115;J. DE HAAN;224;イェズス デ ハーン;70;0;;False;False;False;False;0;0;0;-1;-1;-1
364117;F. IPARRAGUIRE;236;フランク イパラギーレ;69;0;;False;False;False;False;0;0;0;-1;-1;-1
364121;C. BARLOW;204;カール バーロウ;65;0;;False;False;False;False;0;0;0;-1;-1;-1
364123;S. BARDSLEY;225;ソール バーズリー;65;0;;False;False;False;False;0;0;0;-1;-1;-1
364127;O. HAMBRO;241;オズウェル ハンブロ;71;0;;False;False;False;False;0;0;0;-1;-1;-1
364133;C. MONTOYA;236;セサル モントーヤ;69;0;;False;False;False;False;0;0;0;-1;-1;-1
364135;N. FREMONT;208;ナタニエル フレモン;64;0;;False;False;False;False;0;0;0;-1;-1;-1
364140;G. ODRIOZOLA;236;ガスパール オドリオソラ;65;0;;False;False;False;False;0;0;0;-1;-1;-1
364142;M. PUIGCORBE;150;ミケル プイグコルベ;69;0;;False;False;False;False;0;0;0;-1;-1;-1
364154;I. ALEKSIC;235;イオンナ アレクシッチ;72;0;;False;False;False;False;0;0;0;-1;-1;-1
364159;A. VERLEY;208;アシル ヴェルレー;71;0;;False;False;False;False;0;0;0;-1;-1;-1
364163;A. GARIBALDI;146;アゴスティーニョ ガリバウジ;58;0;;False;False;False;False;0;0;0;-1;-1;-1
364174;J. FEIJOO;236;ホセ ビセンテ フェイホー;77;0;;False;False;False;False;0;0;0;-1;-1;-1
364175;N. HEARST;204;ナイロン ハースト;65;0;;False;False;False;False;0;0;0;-1;-1;-1
364178;T. GOMES;146;タイス ゴメス;58;0;;False;False;False;False;0;0;0;-1;-1;-1
364182;A. JARIER;208;オーベール ジャリエ;65;0;;False;False;False;False;0;0;0;-1;-1;-1
364189;B. ODOWD;204;ブノワ オダウド;57;0;;False;False;False;False;0;0;0;-1;-1;-1
364190;C. LATIMER;241;コリン ラティマー;69;0;;False;False;False;False;0;0;0;-1;-1;-1
364204;S. MANEN;147;サントス マネン;59;0;;False;False;False;False;0;0;0;-1;-1;-1
364207;Y. LASTRA;144;ジョルディ ラストラ;59;0;;False;False;False;False;0;0;0;-1;-1;-1
364223;L. ARMIJO;236;ルイス アルミホ;67;0;;False;False;False;False;0;0;0;-1;-1;-1
364250;O. DE LUNA;236;オレゲール デ ルナ;79;0;;False;False;False;False;0;0;0;-1;-1;-1
364257;C. FROISSART;208;セドリック フロワサール;66;0;;False;False;False;False;0;0;0;-1;-1;-1
364260;T. ALZAMORA;236;テオドラ アルサモラ;64;0;;False;False;False;False;0;0;0;-1;-1;-1
364261;Y. CORREIA;146;ヤスミン コレイア;58;0;;False;False;False;False;0;0;0;-1;-1;-1
364263;G. TERADO;152;ヘラルド テラド;64;0;;False;False;False;False;0;0;0;-1;-1;-1
364306;M. COIMBRA;146;マル コインブラ;59;0;;False;False;False;False;0;0;0;-1;-1;-1
364324;D. VASQUES;146;ジエゴ ヴァスケス;59;0;;False;False;False;False;0;0;0;-1;-1;-1
364331;C. SAIONI;208;カジミール サイオーニ;59;0;;False;False;False;False;0;0;0;-1;-1;-1
364376;G. OLSEN;228;ガウス オウセン;71;0;;False;False;False;False;0;0;0;-1;-1;-1
364405;H. DELLINGER;204;ヘネシー デリンジャー;66;0;;False;False;False;False;0;0;0;-1;-1;-1
364408;R. OJEA;236;レジーノ オヘア;65;0;;False;False;False;False;0;0;0;-1;-1;-1
364409;I. BELENGUER;236;イサーク ベレンゲル;69;0;;False;False;False;False;0;0;0;-1;-1;-1
364413;B. MEIJER;224;バルト ヤン マイヤー;70;0;;False;False;False;False;0;0;0;-1;-1;-1
364414;A. CULEBRAS;236;アンヘリノ クレブラス;64;0;;False;False;False;False;0;0;0;-1;-1;-1
364418;S. BRINKMANN;210;ジーモン ブリンクマン;70;0;;False;False;False;False;0;0;0;-1;-1;-1
364419;D. MILOVANOVIC;303;ダニエル ミロヴァノヴィッチ;70;0;;False;False;False;False;0;0;0;-1;-1;-1
364421;R. EINY;204;ロブ エイニー;64;0;;False;False;False;False;0;0;0;-1;-1;-1
364428;M. DE CABEZON;236;マルク デ カベソン;66;0;;False;False;False;False;0;0;0;-1;-1;-1
364437;R. LINO;208;ロジェ リノ;69;0;;False;False;False;False;0;0;0;-1;-1;-1
364443;G. FARAR;204;ギルバート ファーラー;75;0;;False;False;False;False;0;0;0;-1;-1;-1
364448;K. NAZOR;303;クリスティヤン ノザル;64;0;;False;False;False;False;0;0;0;-1;-1;-1
364457;J. MALLMANN;228;ジャジ マルマン;69;0;;False;False;False;False;0;0;0;-1;-1;-1
364476;D. REDERO;147;ダマゾ レデーロ;64;0;;False;False;False;False;0;0;0;-1;-1;-1
364486;E. TRINTIGNANT;208;エルネスト トランティニャン;64;0;;False;False;False;False;0;0;0;-1;-1;-1
364503;G. HUMET;236;グウィード ユメ;58;0;;False;False;False;False;0;0;0;-1;-1;-1
364504;E. SCHUMANN;208;エドゥアール シューマン;71;0;;False;False;False;False;0;0;0;-1;-1;-1
364505;B. NOBLE;204;ブルース ノーブル;58;0;;False;False;False;False;0;0;0;-1;-1;-1
364523;D. MARICA;229;ダヌート マリカ;72;0;;False;False;False;False;0;0;0;-1;-1;-1
364526;T. MENICHETTI;215;テレンツィオ メニケッティ;58;0;;False;False;False;False;0;0;0;-1;-1;-1
364531;J. RODRIGO;236;ホセ イグナシオ ロドリゴ;64;0;;False;False;False;False;0;0;0;-1;-1;-1
364532;B. WYLER;204;バー ワイラー;68;0;;False;False;False;False;0;0;0;-1;-1;-1
364535;K. PATTINSON;204;キーファ パティンソン;65;0;;False;False;False;False;0;0;0;-1;-1;-1
364543;H. CHAPI;144;アリッツ チャピ;58;0;;False;False;False;False;0;0;0;-1;-1;-1
364544;A. VEILHAN;208;アントワーヌ ヴェイヤン;65;0;;False;False;False;False;0;0;0;-1;-1;-1
364551;LUIZ CARDOSO;146;ルイス カルドーゾ;59;0;;False;False;False;False;0;0;0;-1;-1;-1
364552;ARCELINO GHOSN;146;アルセリノ ゴスン;61;0;;False;False;False;False;0;0;0;-1;-1;-1
364553;CIRO INÁCIO;146;シーロ イナシオ;60;0;;False;False;False;False;0;0;0;-1;-1;-1
364560;W. ABU BAKR;76;ワード アブ バクル;67;0;;False;False;False;False;0;0;0;-1;-1;-1
364561;C. AUTEUIL;208;シュヴァリエ オートゥイユ;61;0;;False;False;False;False;0;0;0;-1;-1;-1
364585;A. GARRIGUES;144;アルナル ガリゲス;64;0;;False;False;False;False;0;0;0;-1;-1;-1
364587;F. DE BRUIJN;224;フリプ デ ブルエイン;70;0;;False;False;False;False;0;0;0;-1;-1;-1
364596;B. LAW;232;バーニー ロー;64;0;;False;False;False;False;0;0;0;-1;-1;-1
364610;M. BAYON LOUIS;208;ミロ バヨン ルイ;64;0;;False;False;False;False;0;0;0;-1;-1;-1
364648;C. ARGUELLES;204;クリフ アグエイアス;69;0;;False;False;False;False;0;0;0;-1;-1;-1
364650;P. ABIAN;147;ピオ アビアン;58;0;;False;False;False;False;0;0;0;-1;-1;-1
393264;GAL BYEONGRYEOL;15;カル ビョンリョル;68;0;;False;False;False;False;0;0;0;-1;-1;-1
393301;E. CORONADO;144;エバートン コロナド;82;0;;False;False;False;False;0;0;0;-1;-1;-1
393350;A. GOUVEA;228;アポロ ゴウヴェア;76;0;;False;False;False;False;0;0;0;-1;-1;-1
393439;J. LOGARRETA;144;フレン ロガレタ;74;0;;False;False;False;False;0;0;0;-1;-1;-1
393494;L. MONASTERIO;148;ルーカス モナステリオ;80;0;;False;False;False;False;0;0;0;-1;-1;-1
393539;V. DOS SANTOS;228;ヴィコル ドス サントス;81;0;;False;False;False;False;0;0;0;-1;-1;-1
393556;M. ENFIELD;235;ミッチ エンフィールド;73;0;;False;False;False;False;0;0;0;-1;-1;-1
393562;F. BEATON;64;フリップ ビートン;73;0;;False;False;False;False;0;0;0;-1;-1;-1
393609;K. MONTOYA;144;キリアン モントーヤ;76;0;;False;False;False;False;0;0;0;-1;-1;-1
393666;R. ABDUR RAQIB;44;ラヒム アブドゥル ラキブ;67;0;;False;False;False;False;0;0;0;-1;-1;-1
393711;R. KOTANI;13;小谷 良;73;0;;False;False;False;False;0;0;0;-1;-1;-1
493405;N. CHAVES;146;ニコラオ シャヴェス;86;0;;False;False;False;False;0;0;0;-1;-1;-1
493461;F. WALRAS;208;フェリシアン ワルラス;80;0;;False;False;False;False;0;0;0;-1;-1;-1
493462;Z. TULJKOVIC;198;ジヤフ トゥリコヴィッチ;79;0;;False;False;False;False;0;0;0;-1;-1;-1
493472;N. MANALT;152;ニコラス マナルト;84;0;;False;False;False;False;0;0;0;-1;-1;-1
493515;G. KADYROV;240;ガルリ カディロフ;69;0;;False;False;False;False;0;0;0;-1;-1;-1
493533;R. MARIC;200;ロク マリッチ;67;0;;False;False;False;False;0;0;0;-1;-1;-1
493536;M. HELGUERA;144;メルチョー エルゲラ;76;0;;False;False;False;False;0;0;0;-1;-1;-1
493615;T. BINDEWALD;210;ティモ ビンデバルト;77;0;;False;False;False;False;0;0;0;-1;-1;-1
493648;F. PARTOUCHE;83;フランツ パルトゥーシュ;73;0;;False;False;False;False;0;0;0;-1;-1;-1
493997;S. FIGUEIREDO;228;サンドロ フィゲイレド;74;0;;False;False;False;False;0;0;0;-1;-1;-1
494022;R. WYLD;162;ロン ワイルド;69;0;;False;False;False;False;0;0;0;-1;-1;-1
494204;J. HERSCHEL;122;ジェリー ハーシェル;73;0;;False;False;False;False;0;0;0;-1;-1;-1
494254;P. BRAS;56;パトリス ブラス;69;0;;False;False;False;False;0;0;0;-1;-1;-1
494704;T. DESPLECHIN;73;ティメオ デプレシャン;67;0;;False;False;False;False;0;0;0;-1;-1;-1
494705;Q. GARRIGUES;236;キニート ガリゲス;72;0;;False;False;False;False;0;0;0;-1;-1;-1
494876;K. MOL;224;コース モル;68;0;;False;False;False;False;0;0;0;-1;-1;-1
494966;DING BANGJI;7;ディン バンジ;66;0;;False;False;False;False;0;0;0;-1;-1;-1
495020;J. DERRIDA;197;ジャン クロード デリダ;71;0;;False;False;False;False;0;0;0;-1;-1;-1
495037;H. ROLT;135;ホブ ロルト;73;0;;False;False;False;False;0;0;0;-1;-1;-1
495049;L. ALKORTA;112;ルシオ アルコルタ;73;0;;False;False;False;False;0;0;0;-1;-1;-1
495050;S. HORMIGO;153;サビーノ オルミゴ;74;0;;False;False;False;False;0;0;0;-1;-1;-1
495093;J. DE VOS;224;ユリアーン デ フォス;70;0;;False;False;False;False;0;0;0;-1;-1;-1
495094;G. LANDALUZE;152;ヘルマン ランダルセ;69;0;;False;False;False;False;0;0;0;-1;-1;-1
495379;F. ZEBINA;208;フランシス ゼビナ;73;0;;False;False;False;False;0;0;0;-1;-1;-1
495380;T. AL BATIN;92;タラト アルバティン;75;0;;False;False;False;False;0;0;0;-1;-1;-1
495385;P. VASILESCU;229;ペトル ヴァシレスク;71;0;;False;False;False;False;0;0;0;-1;-1;-1
495386;F. SPAAK;48;フランソワ ジョゼフ スパーク;73;0;;False;False;False;False;0;0;0;-1;-1;-1
495388;N. JOYAUX;50;ナタニエル ジュワイヨ;68;0;;False;False;False;False;0;0;0;-1;-1;-1
495390;E. SILVESTRE;87;エズメ シルヴェストル;71;0;;False;False;False;False;0;0;0;-1;-1;-1
495391;I. FARES;17;イスマイル ファレス;68;0;;False;False;False;False;0;0;0;-1;-1;-1
495392;K. ENNIS;166;キア エニス;68;0;;False;False;False;False;0;0;0;-1;-1;-1
495393;B. SCHLESINGER;94;ベネディクト シュレンジャー;68;0;;False;False;False;False;0;0;0;-1;-1;-1
495394;I. AR RASHID;58;イフサン アッラシド;71;0;;False;False;False;False;0;0;0;-1;-1;-1
495395;D. SANTIC;303;ディムトルス シャンティッチ;80;0;;False;False;False;False;0;0;0;-1;-1;-1
1073741862;A. GHALENOEI;11;アミル ガレノエイ;76;0;;False;False;False;False;0;0;0;-1;-1;-1
1073741867;T. POPOVIC;162;トニー ポポヴィッチ;75;0;;False;False;False;False;0;0;0;-1;-1;-1
1073742034;MANOLO JIMÉNEZ;236;マノロ ヒメネス;75;0;;False;False;False;False;0;0;0;-1;-1;-1
1073742126;A. POSTECOGLOU;162;アンジェ ポステコグルー;77;0;;False;False;False;False;0;0;0;-1;-1;-1
1073742136;RUI VITÓRIA;228;ルイ ヴィトーリア;79;0;;False;False;False;False;0;0;0;-1;-1;-1
1073742140;PEDRO EMANUEL;228;ペドロ エマヌエル;70;0;;False;False;False;False;0;0;0;-1;-1;-1
1073742327;R. ARRUABARRENA;144;ロドルフォ アルアバレナ;69;0;;False;False;False;False;0;0;0;-1;-1;-1
1073842008;VÍTOR PEREIRA;228;ヴィートル ペレイラ;74;0;;False;False;False;False;0;0;0;-1;-1;-1
1073842019;F. CANNAVARO;215;ファビオ カンナヴァーロ;70;0;;False;False;False;False;0;0;0;-1;-1;-1
1073842060;C. GROSS;238;クリスティアン グロス;78;0;;False;False;False;False;0;0;0;-1;-1;-1
1073842072;CHOI KANG-HEE;16;チェ ガンヒ;76;0;;False;False;False;False;0;0;0;-1;-1;-1
1073842222;K. HASEGAWA;13;長谷川 健太;75;0;;False;False;False;False;0;0;0;-1;-1;-1
1073842242;CHOI YONG-SOO;16;チェ ヨンス;66;0;;False;False;False;False;0;0;0;-1;-1;-1
1073842355;CARLOS PÉREZ;236;カルロス ペレス;60;0;;False;False;False;False;0;0;0;-1;-1;-1
1073842495;VÍTOR CAMPELOS;228;ヴィートル カンペロス;63;0;;False;False;False;False;0;0;0;-1;-1;-1
1073842568;B. GÉNÉSIO;208;ブルーノ ジェネシオ;76;0;;False;False;False;False;0;0;0;-1;-1;-1
1073842787;KIM DO-HOON;16;キム ドフン;66;0;;False;False;False;False;0;0;0;-1;-1;-1
1073842927;R. LUCESCU;229;ラズヴァン ルチェスク;74;0;;False;False;False;False;0;0;0;-1;-1;-1
1073842992;JOSÉ MORAIS;228;ジョゼ モライス;70;0;;False;False;False;False;0;0;0;-1;-1;-1
1073843416;T. FINK;210;トルステン フィンク;73;0;;False;False;False;False;0;0;0;-1;-1;-1
1073843684;S. CORICA;162;スティーヴ コリカ;66;0;;False;False;False;False;0;0;0;-1;-1;-1
1073843688;S. ARVELADZE;209;ショタ アルヴェラーゼ;68;0;;False;False;False;False;0;0;0;-1;-1;-1
1073843690;B. MORA;124;ベンハミン モラ;66;0;;False;False;False;False;0;0;0;-1;-1;-1
1073843962;M. TAKI;13;滝 雅美;64;0;;False;False;False;False;0;0;0;-1;-1;-1
1073843964;F. MAJIDI;11;ファルハド マジディ;65;0;;False;False;False;False;0;0;0;-1;-1;-1
1073843965;M. SARASIABI;11;モジタバ サラシアビ;64;0;;False;False;False;False;0;0;0;-1;-1;-1
1073843966;H. REGRAGUI;76;ワリド レグラギ;65;0;;False;False;False;False;0;0;0;-1;-1;-1
1073843967;Y. GOLMOHAMMADI;11;ヤフヤ ゴルモハマディ;67;0;;False;False;False;False;0;0;0;-1;-1;-1
1073843968;XAVI;236;シャビ;69;0;;False;False;False;False;0;0;0;-1;-1;-1
1073843969;LEE LIM-SAENG;16;イ リムセン;66;0;;False;False;False;False;0;0;0;-1;-1;-1
1073843970;A. ILIĆ;303;アレクサンダル イリッチ;70;0;;False;False;False;False;0;0;0;-1;-1;-1
1073843972;A. AL ANBERI;37;アブドゥラジズ アル アンベリ;64;0;;False;False;False;False;0;0;0;-1;-1;-1
